epoch,time,train/box_loss,train/seg_loss,train/cls_loss,train/dfl_loss,metrics/precision(B),metrics/recall(B),metrics/mAP50(B),metrics/mAP50-95(B),metrics/precision(M),metrics/recall(M),metrics/mAP50(M),metrics/mAP50-95(M),val/box_loss,val/seg_loss,val/cls_loss,val/dfl_loss,lr/pg0,lr/pg1,lr/pg2
1,22.9236,3.61037,7.04396,4.43504,4.21547,0.00203,0.51341,0.00607,0.0013,0.00076,0.19157,0.00127,0.00038,3.9132,5.15366,3.68697,4.14008,0.00331002,0.00331002,0.00331002
2,42.7299,3.49529,4.97615,4.16777,4.1104,0.00242,0.61303,0.00901,0.00269,0.00164,0.41379,0.00431,0.00107,3.60064,4.71951,3.45355,3.99192,0.00664007,0.00664007,0.00664007
3,61.6837,3.11329,3.69897,3.49452,3.72457,0.06209,0.08046,0.02148,0.0061,0.06389,0.11111,0.02469,0.00888,2.87783,4.80824,4.42164,3.3782,0.00996681,0.00996681,0.00996681
4,80.8251,2.68436,3.18996,2.8495,3.21082,0.2971,0.2682,0.2173,0.08738,0.2971,0.2682,0.21774,0.08974,2.29805,2.68563,2.53475,2.89331,0.00998515,0.00998515,0.00998515
5,99.6436,2.44103,2.8465,2.34519,2.92084,0.30418,0.32184,0.22185,0.09704,0.3108,0.31801,0.21643,0.12145,2.06922,2.01366,2.71365,2.6923,0.0099802,0.0099802,0.0099802
6,118.486,2.12006,2.61582,2.01145,2.64869,0.32826,0.46058,0.34014,0.19972,0.34524,0.45211,0.34241,0.2135,1.67472,1.88178,1.32845,2.34173,0.00997525,0.00997525,0.00997525
7,137.489,1.86453,2.4828,1.71637,2.38834,0.43511,0.54023,0.4186,0.2818,0.43819,0.54406,0.41999,0.27688,1.53236,1.75915,1.30274,2.18353,0.0099703,0.0099703,0.0099703
8,156.338,1.67633,2.37233,1.49038,2.1922,0.49271,0.48659,0.49117,0.30988,0.49271,0.48659,0.48956,0.3219,1.37761,1.76498,1.25387,2.02326,0.00996535,0.00996535,0.00996535
9,175.089,1.57296,2.31034,1.38722,2.06201,0.46231,0.65557,0.55165,0.38862,0.46501,0.6594,0.55169,0.39343,1.17075,1.66367,0.9712,1.76447,0.0099604,0.0099604,0.0099604
10,193.881,1.49388,2.2285,1.29306,1.97637,0.53403,0.54023,0.55317,0.38221,0.53918,0.54023,0.55632,0.39138,1.18622,1.63048,0.92829,1.82015,0.00995545,0.00995545,0.00995545
11,212.611,1.43516,2.20444,1.25006,1.93085,0.61439,0.57471,0.63124,0.47213,0.61337,0.57471,0.63204,0.45667,1.15513,1.65169,0.91404,1.72156,0.0099505,0.0099505,0.0099505
12,231.533,1.38149,2.14902,1.20366,1.87549,0.6771,0.66667,0.66258,0.48565,0.67801,0.66667,0.66401,0.49303,1.1026,1.55273,0.83519,1.7031,0.00994555,0.00994555,0.00994555
13,250.236,1.34067,2.0553,1.14079,1.81637,0.61076,0.67935,0.65355,0.47992,0.61967,0.69349,0.6632,0.48123,1.13485,1.63198,0.87899,1.74917,0.0099406,0.0099406,0.0099406
14,268.781,1.29937,2.03867,1.0904,1.78641,0.55949,0.61686,0.59818,0.44937,0.56297,0.62069,0.60136,0.45367,1.08119,1.50611,0.78045,1.65881,0.00993565,0.00993565,0.00993565
15,287.573,1.28192,2.00428,1.05768,1.76429,0.51393,0.68966,0.58741,0.44727,0.5203,0.68966,0.59355,0.44507,1.07547,1.60877,0.86627,1.65159,0.0099307,0.0099307,0.0099307
16,306.256,1.26231,1.94047,1.03347,1.73967,0.51791,0.64368,0.6247,0.47275,0.52242,0.65134,0.62788,0.47043,1.01739,1.5517,0.72853,1.60306,0.00992575,0.00992575,0.00992575
17,324.69,1.22647,1.92894,1.00092,1.70174,0.59223,0.69732,0.64928,0.49505,0.59223,0.69732,0.64696,0.4884,0.97171,1.46143,0.70573,1.59522,0.0099208,0.0099208,0.0099208
18,343.57,1.21243,1.95239,0.99796,1.70081,0.61811,0.73946,0.67822,0.50428,0.62131,0.7433,0.68099,0.50334,1.00257,1.45919,0.73043,1.59599,0.00991585,0.00991585,0.00991585
19,362.286,1.1993,1.89637,0.97527,1.66509,0.68724,0.66667,0.71171,0.56407,0.69039,0.6705,0.71479,0.55514,0.92715,1.51797,0.67795,1.53466,0.0099109,0.0099109,0.0099109
20,383.105,1.18985,1.89001,0.96532,1.66232,0.64118,0.73941,0.72684,0.54894,0.64096,0.7433,0.73048,0.5402,0.92619,1.49097,0.91862,1.53121,0.00990595,0.00990595,0.00990595
21,401.792,1.17586,1.91148,0.93293,1.64108,0.58551,0.66572,0.67758,0.52011,0.58936,0.66284,0.67865,0.50153,0.90834,1.50405,0.66477,1.50731,0.009901,0.009901,0.009901
22,420.28,1.16423,1.86231,0.92362,1.62724,0.65687,0.64544,0.6937,0.54305,0.66077,0.64927,0.69721,0.53499,0.95784,1.53486,0.67014,1.55545,0.00989605,0.00989605,0.00989605
23,438.863,1.15377,1.81837,0.91093,1.61716,0.64367,0.72671,0.75559,0.59624,0.64706,0.73054,0.75578,0.58242,0.87988,1.47935,0.64672,1.49864,0.0098911,0.0098911,0.0098911
24,457.596,1.13808,1.79046,0.89652,1.60606,0.62554,0.72414,0.69204,0.54007,0.62885,0.72797,0.69361,0.52832,0.90802,1.48729,0.77942,1.52072,0.00988615,0.00988615,0.00988615
25,476.151,1.12957,1.80908,0.88095,1.58982,0.58446,0.74907,0.70028,0.533,0.57754,0.76245,0.70768,0.53563,0.90314,1.42577,0.59795,1.5229,0.0098812,0.0098812,0.0098812
26,494.769,1.13713,1.80299,0.88538,1.59026,0.60391,0.62835,0.63272,0.48734,0.61329,0.62835,0.63691,0.47753,0.93595,1.41336,0.74656,1.53316,0.00987625,0.00987625,0.00987625
27,513.365,1.09054,1.76793,0.84906,1.5621,0.62042,0.74713,0.70764,0.56914,0.62623,0.74465,0.70918,0.56041,0.88015,1.41688,0.59924,1.48385,0.0098713,0.0098713,0.0098713
28,532.129,1.11192,1.74956,0.85889,1.56885,0.59649,0.78729,0.686,0.53068,0.59649,0.78729,0.68628,0.5238,0.84484,1.38274,0.68727,1.46192,0.00986635,0.00986635,0.00986635
29,550.94,1.09123,1.77526,0.84577,1.55873,0.60374,0.67816,0.6567,0.50371,0.61269,0.67816,0.6553,0.50137,0.91664,1.34994,0.72818,1.48077,0.0098614,0.0098614,0.0098614
30,569.514,1.07363,1.70175,0.81918,1.53439,0.61994,0.7437,0.67222,0.51979,0.63797,0.73563,0.67629,0.5176,0.88035,1.36869,0.60433,1.47539,0.00985645,0.00985645,0.00985645
31,587.913,1.06813,1.73783,0.82972,1.53503,0.55114,0.66667,0.65052,0.5002,0.55245,0.63985,0.65132,0.49215,0.90401,1.40798,0.69434,1.44515,0.0098515,0.0098515,0.0098515
32,606.433,1.05873,1.67897,0.81943,1.53025,0.69446,0.75862,0.75409,0.60765,0.70147,0.76628,0.76042,0.59843,0.8255,1.45938,0.56164,1.43366,0.00984655,0.00984655,0.00984655
33,625.046,1.05648,1.72818,0.8219,1.51449,0.65385,0.75096,0.72119,0.57869,0.65809,0.75479,0.72414,0.56387,0.80577,1.2693,0.56876,1.39731,0.0098416,0.0098416,0.0098416
34,643.975,1.04479,1.72905,0.79871,1.51004,0.66304,0.72377,0.71055,0.56868,0.66655,0.7276,0.71634,0.55844,0.86207,1.37197,0.6764,1.43703,0.00983665,0.00983665,0.00983665
35,662.749,1.07016,1.7383,0.81958,1.51481,0.6542,0.71264,0.75347,0.60336,0.65841,0.71634,0.75713,0.59198,0.85885,1.33481,0.64388,1.42441,0.0098317,0.0098317,0.0098317
36,681.528,1.05631,1.70586,0.80921,1.50918,0.56194,0.7433,0.65567,0.5197,0.57124,0.73563,0.66393,0.5109,0.83189,1.3393,0.68654,1.43985,0.00982675,0.00982675,0.00982675
37,700.321,1.04079,1.72493,0.8128,1.50118,0.64119,0.75479,0.72379,0.58625,0.64557,0.75862,0.72621,0.56238,0.83267,1.30125,0.57306,1.39852,0.0098218,0.0098218,0.0098218
38,718.837,1.03799,1.67404,0.80203,1.4985,0.66133,0.77011,0.76989,0.6286,0.66463,0.77395,0.77223,0.6046,0.84432,1.3324,0.6655,1.39857,0.00981685,0.00981685,0.00981685
39,737.514,1.02987,1.66541,0.79285,1.50412,0.64071,0.77206,0.72781,0.58305,0.64389,0.77589,0.73562,0.56362,0.83973,1.29004,0.62753,1.40194,0.0098119,0.0098119,0.0098119
40,756.115,1.01953,1.64344,0.78066,1.48117,0.68957,0.75096,0.74782,0.60438,0.69309,0.75479,0.74657,0.57927,0.83374,1.37343,0.53651,1.43407,0.00980695,0.00980695,0.00980695
41,774.719,1.02988,1.62786,0.77452,1.48527,0.68544,0.76811,0.74215,0.59071,0.68886,0.77194,0.74551,0.57472,0.83817,1.35182,0.56672,1.38701,0.009802,0.009802,0.009802
42,793.585,1.02697,1.67266,0.79061,1.48253,0.67373,0.79693,0.76301,0.62518,0.67697,0.80077,0.76074,0.59593,0.80108,1.35809,0.50098,1.37874,0.00979705,0.00979705,0.00979705
43,812.34,1.01149,1.63933,0.77237,1.47845,0.75635,0.72553,0.79651,0.64609,0.76241,0.73563,0.80251,0.63236,0.83454,1.29459,0.63518,1.4261,0.0097921,0.0097921,0.0097921
44,830.811,0.9939,1.61578,0.75881,1.46133,0.65166,0.80993,0.74864,0.60452,0.66725,0.80672,0.75423,0.58272,0.80565,1.3093,0.53947,1.37015,0.00978715,0.00978715,0.00978715
45,849.52,0.99684,1.63619,0.75615,1.4592,0.71132,0.79301,0.79725,0.65563,0.71132,0.79301,0.79573,0.6263,0.80582,1.2581,0.61412,1.38106,0.0097822,0.0097822,0.0097822
46,868.111,1.00047,1.60072,0.75818,1.4556,0.71717,0.77778,0.79843,0.66332,0.70943,0.77395,0.7941,0.6467,0.79408,1.27861,0.51172,1.35313,0.00977725,0.00977725,0.00977725
47,886.888,1.01362,1.65678,0.76111,1.47134,0.71278,0.77016,0.78104,0.62687,0.71278,0.77016,0.78134,0.60735,0.78166,1.27839,0.59407,1.34328,0.0097723,0.0097723,0.0097723
48,905.546,0.98609,1.61045,0.74272,1.44988,0.67611,0.7838,0.77858,0.65225,0.67941,0.78763,0.77933,0.62442,0.78705,1.23708,0.51972,1.34326,0.00976735,0.00976735,0.00976735
49,924.026,0.98974,1.64193,0.74857,1.45444,0.71213,0.77395,0.79346,0.64804,0.71566,0.77778,0.79291,0.62762,0.79495,1.28099,0.51609,1.33177,0.0097624,0.0097624,0.0097624
50,942.883,0.99324,1.59464,0.74551,1.45548,0.58919,0.76381,0.73519,0.58806,0.5911,0.76628,0.74183,0.58327,0.80999,1.26393,0.57325,1.36396,0.00975745,0.00975745,0.00975745
51,961.555,0.98578,1.6059,0.7297,1.44953,0.6911,0.77147,0.7869,0.64288,0.68352,0.78161,0.78871,0.62345,0.78551,1.31071,0.52484,1.34936,0.0097525,0.0097525,0.0097525
52,980.189,1.0021,1.61497,0.74233,1.46528,0.69197,0.76602,0.78599,0.64913,0.69674,0.77465,0.78868,0.63363,0.77849,1.25246,0.52402,1.34665,0.00974755,0.00974755,0.00974755
53,998.808,0.97021,1.56921,0.71791,1.4222,0.72185,0.71648,0.76787,0.63176,0.72571,0.72031,0.77372,0.61964,0.77548,1.21058,0.55515,1.32854,0.0097426,0.0097426,0.0097426
54,1017.62,0.9472,1.55968,0.71528,1.42159,0.64289,0.82375,0.74404,0.59974,0.64588,0.82759,0.74734,0.58691,0.80322,1.20274,0.56795,1.38477,0.00973765,0.00973765,0.00973765
55,1036.36,0.96489,1.57821,0.71223,1.4256,0.67923,0.75096,0.74327,0.57978,0.67577,0.74713,0.73196,0.57066,0.84952,1.34953,0.64317,1.37632,0.0097327,0.0097327,0.0097327
56,1055.01,0.97708,1.56135,0.72153,1.42736,0.64616,0.79693,0.7632,0.61223,0.64869,0.78927,0.76068,0.59279,0.82993,1.22983,0.54497,1.34447,0.00972775,0.00972775,0.00972775
57,1073.6,0.94663,1.55228,0.70771,1.41856,0.67368,0.76727,0.74996,0.60592,0.67777,0.7656,0.75221,0.58825,0.79287,1.30882,0.57818,1.36649,0.0097228,0.0097228,0.0097228
58,1092.29,0.96147,1.53998,0.71961,1.42662,0.70137,0.76245,0.79325,0.65707,0.70489,0.76628,0.79523,0.62419,0.80101,1.21616,0.55568,1.33731,0.00971785,0.00971785,0.00971785
59,1111.01,0.96667,1.60073,0.71386,1.4279,0.68351,0.78161,0.78011,0.63204,0.68686,0.78544,0.77906,0.62203,0.80315,1.35137,0.66887,1.37021,0.0097129,0.0097129,0.0097129
60,1129.58,0.94277,1.49065,0.69704,1.39969,0.62169,0.77011,0.70232,0.59151,0.62548,0.74868,0.69847,0.56429,0.78008,1.28831,0.64156,1.30885,0.00970795,0.00970795,0.00970795
61,1148.36,0.95602,1.58127,0.71019,1.42682,0.72112,0.76245,0.79424,0.6414,0.72474,0.76628,0.7992,0.6268,0.78984,1.2848,0.51642,1.36883,0.009703,0.009703,0.009703
62,1166.97,0.9684,1.54997,0.71698,1.41811,0.66372,0.77395,0.7298,0.59371,0.66701,0.77778,0.73193,0.5739,0.78299,1.26719,0.59319,1.31639,0.00969805,0.00969805,0.00969805
63,1185.59,0.94545,1.5153,0.6897,1.4121,0.76299,0.77705,0.81021,0.66404,0.76675,0.78089,0.81211,0.64493,0.75843,1.33667,0.49807,1.32151,0.0096931,0.0096931,0.0096931
64,1204.22,0.94689,1.57939,0.70867,1.41318,0.7786,0.75862,0.81342,0.67052,0.78253,0.76245,0.81819,0.65106,0.76571,1.16739,0.52075,1.29833,0.00968815,0.00968815,0.00968815
65,1223.06,0.95027,1.49567,0.70356,1.39641,0.72511,0.75799,0.79566,0.6628,0.73229,0.76628,0.80093,0.6419,0.76938,1.34876,0.50842,1.31404,0.0096832,0.0096832,0.0096832
66,1241.64,0.9323,1.51305,0.68189,1.40814,0.70315,0.80843,0.81092,0.6792,0.70579,0.81226,0.80969,0.64986,0.77083,1.22885,0.49683,1.30951,0.00967825,0.00967825,0.00967825
67,1260.16,0.92951,1.5039,0.68236,1.39607,0.72428,0.76628,0.80701,0.66223,0.73748,0.76245,0.80841,0.64421,0.73547,1.17073,0.49278,1.28957,0.0096733,0.0096733,0.0096733
68,1278.88,0.95048,1.5586,0.69802,1.40378,0.81832,0.78161,0.84974,0.70591,0.82233,0.78544,0.85263,0.67823,0.75019,1.22045,0.51271,1.27588,0.00966835,0.00966835,0.00966835
69,1297.55,0.93397,1.49982,0.68513,1.39614,0.73637,0.81336,0.82996,0.67356,0.7423,0.80843,0.82662,0.66195,0.79712,1.27006,0.54435,1.32596,0.0096634,0.0096634,0.0096634
70,1316.3,0.93451,1.53954,0.69214,1.402,0.73725,0.75254,0.82591,0.67234,0.74498,0.76245,0.82739,0.6482,0.76743,1.21137,0.5147,1.31757,0.00965845,0.00965845,0.00965845
71,1334.75,0.94686,1.5515,0.70263,1.4076,0.73656,0.7931,0.81431,0.67043,0.74012,0.79693,0.81632,0.65496,0.76967,1.28581,0.5067,1.30779,0.0096535,0.0096535,0.0096535
72,1353.37,0.95738,1.49612,0.69093,1.40586,0.78969,0.7931,0.84562,0.69221,0.78969,0.7931,0.84448,0.67347,0.78048,1.23731,0.54343,1.32278,0.00964855,0.00964855,0.00964855
73,1372.28,0.92262,1.46793,0.67135,1.38589,0.71074,0.76253,0.79596,0.65216,0.71431,0.76636,0.79872,0.63218,0.78304,1.29152,0.48402,1.32675,0.0096436,0.0096436,0.0096436
74,1391.1,0.94271,1.55118,0.69899,1.40334,0.74057,0.78927,0.82019,0.68835,0.74057,0.78927,0.81679,0.66337,0.74173,1.2053,0.4986,1.27604,0.00963865,0.00963865,0.00963865
75,1409.89,0.93405,1.52552,0.68061,1.38609,0.704,0.76547,0.81371,0.66964,0.69175,0.77778,0.81638,0.65012,0.77798,1.19566,0.56091,1.31476,0.0096337,0.0096337,0.0096337
76,1428.69,0.91197,1.49027,0.66769,1.3707,0.70481,0.79693,0.81844,0.69072,0.7082,0.80077,0.81676,0.6706,0.73844,1.19502,0.49919,1.26494,0.00962875,0.00962875,0.00962875
77,1449.24,0.93003,1.55711,0.67002,1.3895,0.78362,0.77011,0.84289,0.69714,0.77848,0.76628,0.83905,0.67178,0.76063,1.15253,0.46788,1.29171,0.0096238,0.0096238,0.0096238
78,1472.02,0.91318,1.47954,0.65716,1.3743,0.78755,0.78119,0.85403,0.71226,0.78369,0.77736,0.85263,0.69129,0.75105,1.15904,0.45188,1.29183,0.00961885,0.00961885,0.00961885
79,1491.61,0.91312,1.45966,0.66869,1.37702,0.77766,0.82375,0.85473,0.70297,0.79164,0.80066,0.85487,0.69492,0.73663,1.15693,0.48921,1.28043,0.0096139,0.0096139,0.0096139
80,1510.69,0.90547,1.46192,0.66882,1.37228,0.80727,0.79693,0.84343,0.69409,0.80537,0.78544,0.83442,0.68713,0.76262,1.16946,0.48484,1.28662,0.00960895,0.00960895,0.00960895
81,1529.84,0.9189,1.47359,0.67251,1.38884,0.78565,0.78544,0.82986,0.69649,0.77991,0.78161,0.82757,0.6843,0.72975,1.13391,0.47992,1.24983,0.009604,0.009604,0.009604
82,1548.56,0.9129,1.4757,0.65383,1.37389,0.76094,0.77395,0.828,0.67773,0.75718,0.77011,0.82416,0.65686,0.75641,1.23382,0.5484,1.28157,0.00959905,0.00959905,0.00959905
83,1567.84,0.89838,1.46859,0.65754,1.36202,0.7442,0.82375,0.83748,0.69348,0.75074,0.81992,0.84002,0.67382,0.77797,1.15557,0.49704,1.30123,0.0095941,0.0095941,0.0095941
84,1587.02,0.90213,1.45764,0.65373,1.36732,0.76435,0.79693,0.84418,0.70179,0.76067,0.7931,0.84172,0.67939,0.76118,1.12592,0.55135,1.28487,0.00958915,0.00958915,0.00958915
85,1606.4,0.89462,1.43492,0.63888,1.36888,0.73989,0.79561,0.83322,0.69302,0.73928,0.78223,0.8317,0.66924,0.74828,1.12632,0.51278,1.28935,0.0095842,0.0095842,0.0095842
86,1625.31,0.91098,1.43774,0.65419,1.36978,0.77584,0.81609,0.85635,0.70787,0.777,0.81609,0.85498,0.68734,0.73118,1.17157,0.46569,1.26721,0.00957925,0.00957925,0.00957925
87,1644.43,0.89607,1.48341,0.65126,1.36814,0.76119,0.82375,0.83317,0.69737,0.76662,0.81226,0.83284,0.66777,0.72252,1.23929,0.4868,1.25313,0.0095743,0.0095743,0.0095743
88,1663.59,0.90923,1.46034,0.65561,1.37176,0.75851,0.79427,0.82284,0.68102,0.75485,0.79044,0.82422,0.66786,0.74743,1.11504,0.49057,1.27684,0.00956935,0.00956935,0.00956935
89,1683.45,0.89886,1.45219,0.63737,1.36266,0.8069,0.78449,0.84125,0.70642,0.78058,0.79056,0.83513,0.68177,0.74675,1.15371,0.48937,1.27978,0.0095644,0.0095644,0.0095644
90,1702.56,0.91621,1.48416,0.67165,1.36929,0.70497,0.7782,0.80549,0.67206,0.69983,0.77778,0.80017,0.64442,0.74774,1.20916,0.46606,1.27414,0.00955945,0.00955945,0.00955945
91,1721.73,0.90005,1.47284,0.6507,1.36237,0.80059,0.76628,0.85628,0.70357,0.80402,0.76245,0.85251,0.69144,0.77051,1.17108,0.50762,1.31908,0.0095545,0.0095545,0.0095545
92,1740.22,0.88666,1.46036,0.63075,1.34424,0.81872,0.81609,0.86313,0.72711,0.80623,0.81992,0.85562,0.69498,0.73079,1.17898,0.49409,1.27197,0.00954955,0.00954955,0.00954955
93,1759.41,0.91163,1.47713,0.64692,1.35691,0.74617,0.8046,0.83342,0.68467,0.73907,0.79693,0.82587,0.66191,0.7533,1.18915,0.45793,1.26334,0.0095446,0.0095446,0.0095446
94,1778.71,0.89012,1.42039,0.63401,1.34482,0.74576,0.79796,0.83824,0.70455,0.7456,0.7931,0.8311,0.66608,0.7337,1.14326,0.50434,1.25689,0.00953965,0.00953965,0.00953965
95,1797.46,0.89902,1.42469,0.64233,1.3504,0.79645,0.82453,0.86219,0.71615,0.79345,0.81226,0.85699,0.70045,0.73539,1.15432,0.45247,1.26853,0.0095347,0.0095347,0.0095347
96,1817.94,0.89472,1.46993,0.64196,1.35966,0.71152,0.78434,0.81513,0.6833,0.71152,0.78434,0.81363,0.66456,0.76565,1.16775,0.48761,1.2836,0.00952975,0.00952975,0.00952975
97,1840.96,0.90063,1.45431,0.64635,1.35617,0.79606,0.80077,0.86086,0.71041,0.79972,0.78544,0.85511,0.67737,0.74233,1.13358,0.48912,1.26016,0.0095248,0.0095248,0.0095248
98,1863.41,0.88789,1.43798,0.62599,1.34669,0.80961,0.78207,0.84592,0.71247,0.80057,0.77011,0.83599,0.685,0.74173,1.13354,0.42885,1.24659,0.00951985,0.00951985,0.00951985
99,1886.33,0.88992,1.46515,0.65,1.33938,0.78827,0.78161,0.83012,0.69769,0.7839,0.7783,0.82611,0.67223,0.73055,1.17962,0.44979,1.26362,0.0095149,0.0095149,0.0095149
100,1908.79,0.89131,1.44263,0.64428,1.34611,0.80634,0.78544,0.85689,0.72282,0.81251,0.78544,0.85528,0.70332,0.73083,1.13363,0.46203,1.26226,0.00950995,0.00950995,0.00950995
101,1927.95,0.88799,1.41135,0.62831,1.34561,0.8131,0.78343,0.86355,0.72242,0.81708,0.78727,0.85971,0.70296,0.73841,1.16129,0.45006,1.26237,0.009505,0.009505,0.009505
102,1947.31,0.88692,1.42013,0.63676,1.3499,0.82485,0.83003,0.87181,0.7208,0.81903,0.83234,0.86051,0.69574,0.73172,1.1545,0.45181,1.26593,0.00950005,0.00950005,0.00950005
103,1966.53,0.89266,1.43187,0.64029,1.35051,0.81553,0.8046,0.87343,0.73786,0.81165,0.80077,0.86568,0.7068,0.74499,1.16946,0.46959,1.25927,0.0094951,0.0094951,0.0094951
104,1986.13,0.88373,1.43399,0.63309,1.35073,0.8066,0.8046,0.86624,0.72489,0.82909,0.78544,0.86057,0.70221,0.72965,1.10696,0.50422,1.25326,0.00949015,0.00949015,0.00949015
105,2005.1,0.8839,1.44839,0.62234,1.34401,0.8293,0.80042,0.86363,0.72115,0.83327,0.80425,0.86076,0.69632,0.73978,1.16041,0.46301,1.26031,0.0094852,0.0094852,0.0094852
106,2024.3,0.86811,1.42132,0.61233,1.34054,0.82907,0.8177,0.87771,0.73147,0.84339,0.8047,0.87783,0.70293,0.73596,1.11479,0.4396,1.26359,0.00948025,0.00948025,0.00948025
107,2043.65,0.87461,1.37947,0.62167,1.33551,0.79807,0.81768,0.85735,0.72478,0.79433,0.81385,0.85349,0.69618,0.72005,1.10822,0.48238,1.24367,0.0094753,0.0094753,0.0094753
108,2062.48,0.87636,1.43548,0.64178,1.34152,0.83234,0.80843,0.88307,0.74004,0.83276,0.80129,0.87778,0.7089,0.71503,1.10837,0.43136,1.22472,0.00947035,0.00947035,0.00947035
109,2081.7,0.8587,1.39975,0.61984,1.32723,0.73692,0.80077,0.83644,0.70568,0.75056,0.78544,0.83363,0.68868,0.71425,1.15654,0.4441,1.23144,0.0094654,0.0094654,0.0094654
110,2100.95,0.87328,1.41997,0.6217,1.33498,0.85615,0.77395,0.874,0.73778,0.85244,0.77466,0.87008,0.71953,0.69995,1.1111,0.42042,1.22123,0.00946045,0.00946045,0.00946045
111,2120.1,0.87669,1.40096,0.62374,1.33634,0.76635,0.79171,0.8376,0.70971,0.7652,0.78544,0.83289,0.6896,0.72572,1.1129,0.51408,1.22793,0.0094555,0.0094555,0.0094555
112,2138.85,0.88545,1.37353,0.62061,1.3472,0.8476,0.78843,0.87734,0.73669,0.84348,0.7846,0.87376,0.71069,0.72696,1.10657,0.43345,1.23975,0.00945055,0.00945055,0.00945055
113,2157.97,0.87571,1.43383,0.62615,1.33969,0.84182,0.81226,0.87472,0.73699,0.84392,0.8046,0.87233,0.71382,0.74279,1.16158,0.44458,1.24272,0.0094456,0.0094456,0.0094456
114,2177.01,0.86674,1.37911,0.62313,1.33323,0.85379,0.82779,0.88001,0.74118,0.85024,0.82658,0.87439,0.71378,0.72203,1.11872,0.46145,1.2197,0.00944065,0.00944065,0.00944065
115,2196,0.8455,1.38704,0.60324,1.31433,0.85742,0.80644,0.88253,0.74791,0.85249,0.8046,0.87933,0.71648,0.70554,1.15846,0.42021,1.21788,0.0094357,0.0094357,0.0094357
116,2215.43,0.86982,1.41355,0.6227,1.34181,0.80243,0.79363,0.85953,0.72029,0.80987,0.78927,0.86286,0.70008,0.72303,1.14827,0.49522,1.2269,0.00943075,0.00943075,0.00943075
117,2234.73,0.8593,1.38708,0.60998,1.32837,0.81429,0.79693,0.86294,0.73028,0.81489,0.79275,0.85804,0.70991,0.73435,1.15385,0.43748,1.24446,0.0094258,0.0094258,0.0094258
118,2253.82,0.87523,1.37757,0.60703,1.32435,0.80493,0.81226,0.86269,0.7286,0.79664,0.8046,0.85121,0.70158,0.72119,1.11274,0.42699,1.21945,0.00942085,0.00942085,0.00942085
119,2272.93,0.86726,1.37434,0.61013,1.33117,0.8174,0.78897,0.87354,0.73342,0.82404,0.78161,0.87118,0.71107,0.73261,1.12709,0.439,1.24268,0.0094159,0.0094159,0.0094159
120,2291.85,0.86494,1.45214,0.6279,1.32731,0.86168,0.81992,0.87975,0.73214,0.85884,0.81609,0.87706,0.70949,0.73858,1.13739,0.42642,1.23904,0.00941095,0.00941095,0.00941095
121,2310.95,0.87314,1.41408,0.61211,1.33266,0.82589,0.79693,0.86713,0.72129,0.82192,0.7931,0.8634,0.7008,0.72357,1.1254,0.45021,1.20742,0.009406,0.009406,0.009406
122,2330.24,0.85934,1.3825,0.60266,1.31165,0.82781,0.81049,0.87333,0.73087,0.82897,0.79855,0.87332,0.70595,0.70584,1.08674,0.42722,1.21605,0.00940105,0.00940105,0.00940105
123,2349.4,0.84678,1.40096,0.6021,1.3198,0.84884,0.81226,0.88467,0.74777,0.84314,0.8046,0.87678,0.72836,0.69475,1.13585,0.44248,1.22639,0.0093961,0.0093961,0.0093961
124,2368.46,0.84914,1.359,0.60158,1.31647,0.83273,0.8011,0.87398,0.74082,0.82443,0.7916,0.87204,0.71742,0.70605,1.10541,0.45559,1.19807,0.00939115,0.00939115,0.00939115
125,2387.71,0.85049,1.39864,0.60409,1.31328,0.76647,0.81738,0.84236,0.71221,0.76269,0.81226,0.83584,0.68044,0.72517,1.11127,0.42794,1.21566,0.0093862,0.0093862,0.0093862
126,2406.91,0.85968,1.37047,0.59565,1.31758,0.84297,0.8433,0.87975,0.74003,0.85373,0.82743,0.87645,0.71015,0.69624,1.1489,0.43741,1.20413,0.00938125,0.00938125,0.00938125
127,2426.04,0.86669,1.38955,0.60848,1.32164,0.85349,0.80349,0.88537,0.74398,0.85349,0.80349,0.88288,0.72197,0.72288,1.12516,0.41603,1.21951,0.0093763,0.0093763,0.0093763
128,2445.04,0.85704,1.38222,0.61313,1.32199,0.77389,0.82759,0.86018,0.71562,0.77045,0.81017,0.85458,0.69712,0.72149,1.06167,0.43441,1.23021,0.00937135,0.00937135,0.00937135
129,2463.87,0.85323,1.36912,0.60366,1.32089,0.81196,0.79414,0.87789,0.74407,0.81098,0.78544,0.87299,0.71843,0.7055,1.08101,0.42759,1.24891,0.0093664,0.0093664,0.0093664
130,2483.05,0.84995,1.36751,0.60674,1.30785,0.79848,0.84291,0.87925,0.74022,0.84678,0.78544,0.87439,0.72186,0.72321,1.11965,0.43103,1.2328,0.00936145,0.00936145,0.00936145
131,2502.04,0.84896,1.38588,0.59183,1.30828,0.87168,0.82375,0.89676,0.76196,0.86357,0.81609,0.8899,0.73555,0.68402,1.09844,0.41621,1.20363,0.0093565,0.0093565,0.0093565
132,2521.38,0.83251,1.35842,0.58777,1.29364,0.83478,0.82759,0.87555,0.73699,0.82684,0.82326,0.87331,0.7116,0.71755,1.09037,0.46516,1.21098,0.00935155,0.00935155,0.00935155
133,2540.55,0.82943,1.35799,0.58498,1.29759,0.82457,0.84644,0.88794,0.75173,0.84249,0.81226,0.88116,0.72219,0.70423,1.06543,0.4454,1.22528,0.0093466,0.0093466,0.0093466
134,2559.27,0.83796,1.33334,0.58696,1.30005,0.79283,0.83579,0.86544,0.73327,0.78588,0.8297,0.8544,0.70375,0.71239,1.09616,0.42035,1.2258,0.00934165,0.00934165,0.00934165
135,2578.34,0.85748,1.41904,0.60944,1.32096,0.85188,0.84291,0.89018,0.7592,0.87015,0.80843,0.8784,0.72655,0.6879,1.10002,0.40947,1.20434,0.0093367,0.0093367,0.0093367
136,2597.47,0.84716,1.38177,0.59562,1.31382,0.85565,0.81757,0.87744,0.74498,0.84821,0.82759,0.87561,0.72577,0.7081,1.13501,0.43158,1.21364,0.00933175,0.00933175,0.00933175
137,2616.23,0.85253,1.36131,0.60403,1.31904,0.8219,0.83105,0.88039,0.73624,0.82007,0.82075,0.88071,0.71508,0.72626,1.09654,0.46017,1.21599,0.0093268,0.0093268,0.0093268
138,2635.35,0.85289,1.3782,0.60276,1.3122,0.8627,0.81849,0.89161,0.74399,0.8581,0.81094,0.88997,0.72759,0.71267,1.07876,0.42628,1.21596,0.00932185,0.00932185,0.00932185
139,2654.23,0.84199,1.39147,0.59504,1.30787,0.81335,0.8348,0.87677,0.74678,0.80909,0.82811,0.8721,0.72353,0.72024,1.07886,0.42308,1.21529,0.0093169,0.0093169,0.0093169
140,2673.01,0.84492,1.36351,0.60112,1.30442,0.82068,0.81992,0.86599,0.73522,0.8255,0.81566,0.86198,0.70805,0.69296,1.08239,0.45193,1.20089,0.00931195,0.00931195,0.00931195
141,2692.21,0.83612,1.34447,0.5932,1.29554,0.79606,0.8375,0.89023,0.74934,0.80842,0.82456,0.88481,0.7307,0.70304,1.08517,0.4361,1.22365,0.009307,0.009307,0.009307
142,2711.08,0.84658,1.37191,0.59158,1.29813,0.84309,0.80843,0.88337,0.7529,0.83891,0.79813,0.87876,0.72104,0.69371,1.09578,0.39439,1.20411,0.00930205,0.00930205,0.00930205
143,2730.31,0.82464,1.33858,0.58907,1.28126,0.79229,0.84765,0.88396,0.74791,0.79838,0.83525,0.87712,0.71497,0.70114,1.10908,0.43208,1.20039,0.0092971,0.0092971,0.0092971
144,2749.11,0.83706,1.36404,0.58218,1.30835,0.86565,0.83908,0.88675,0.74304,0.87117,0.84291,0.88567,0.71607,0.72751,1.10425,0.42807,1.23164,0.00929215,0.00929215,0.00929215
145,2768.24,0.83285,1.31887,0.58163,1.29849,0.85037,0.78544,0.88832,0.75902,0.85678,0.78927,0.88857,0.73116,0.70107,1.0875,0.41873,1.21565,0.0092872,0.0092872,0.0092872
146,2786.95,0.83282,1.34967,0.57083,1.28782,0.86389,0.81226,0.87909,0.75155,0.84314,0.80843,0.87306,0.7224,0.71768,1.07064,0.50638,1.2202,0.00928225,0.00928225,0.00928225
147,2807.11,0.83773,1.37262,0.5879,1.29223,0.79717,0.84327,0.87423,0.74129,0.79417,0.82786,0.86327,0.71568,0.7125,1.08746,0.4435,1.21394,0.0092773,0.0092773,0.0092773
148,2825.57,0.84415,1.36041,0.57429,1.29646,0.83225,0.82759,0.88366,0.74434,0.82722,0.82549,0.87292,0.71668,0.70749,1.08075,0.45139,1.19851,0.00927235,0.00927235,0.00927235
149,2844.39,0.83145,1.33862,0.59063,1.28815,0.84332,0.82493,0.88207,0.753,0.83157,0.81343,0.87021,0.72747,0.69917,1.06875,0.40391,1.21065,0.0092674,0.0092674,0.0092674
150,2862.56,0.83494,1.36035,0.59003,1.29733,0.84714,0.84935,0.87917,0.74669,0.84312,0.82375,0.8639,0.71181,0.70818,1.09442,0.4565,1.23749,0.00926245,0.00926245,0.00926245
151,2881.15,0.84483,1.34137,0.58193,1.29755,0.82042,0.8402,0.88187,0.74826,0.81488,0.83908,0.8742,0.73113,0.69141,1.07858,0.4308,1.20869,0.0092575,0.0092575,0.0092575
152,2900.17,0.82939,1.3513,0.58928,1.30557,0.82318,0.83908,0.88823,0.74744,0.86193,0.81226,0.87736,0.73076,0.70469,1.08843,0.42447,1.22475,0.00925255,0.00925255,0.00925255
153,2919.16,0.83443,1.33857,0.58819,1.29848,0.90456,0.84674,0.90205,0.76041,0.90491,0.83857,0.89665,0.74536,0.70423,1.08235,0.4318,1.21492,0.0092476,0.0092476,0.0092476
154,2937.51,0.83505,1.33933,0.58004,1.29764,0.85908,0.83142,0.89694,0.75627,0.87006,0.81992,0.89423,0.73806,0.69123,1.109,0.39523,1.21818,0.00924265,0.00924265,0.00924265
155,2956.23,0.84817,1.36093,0.59385,1.30871,0.80266,0.86973,0.88672,0.73956,0.78394,0.8659,0.87704,0.72343,0.7374,1.07475,0.41705,1.25006,0.0092377,0.0092377,0.0092377
156,2974.62,0.83018,1.32646,0.58175,1.28713,0.83499,0.82759,0.88509,0.7448,0.83333,0.82375,0.8788,0.72648,0.69027,1.05796,0.40716,1.22253,0.00923275,0.00923275,0.00923275
157,2993.32,0.84126,1.33551,0.58679,1.29595,0.86316,0.83525,0.89836,0.75886,0.85196,0.81609,0.88509,0.73368,0.70781,1.10239,0.40683,1.21141,0.0092278,0.0092278,0.0092278
158,3012.17,0.81966,1.29817,0.57273,1.28111,0.85315,0.83142,0.89527,0.76619,0.83495,0.83345,0.88836,0.74285,0.68563,1.07296,0.38997,1.2076,0.00922285,0.00922285,0.00922285
159,3030.7,0.82111,1.29746,0.55994,1.2848,0.83717,0.83908,0.88816,0.75973,0.8403,0.83525,0.88499,0.72931,0.67688,1.10271,0.39173,1.20693,0.0092179,0.0092179,0.0092179
160,3049.03,0.82837,1.29477,0.57133,1.28416,0.87615,0.85824,0.90147,0.76482,0.86441,0.84674,0.88974,0.73833,0.69935,1.07341,0.3952,1.21013,0.00921295,0.00921295,0.00921295
161,3067.43,0.82557,1.34388,0.58607,1.2925,0.80152,0.83142,0.87231,0.74443,0.79984,0.82759,0.87027,0.71814,0.68904,1.09623,0.41225,1.1765,0.009208,0.009208,0.009208
162,3086.01,0.83444,1.31229,0.58758,1.28508,0.79384,0.82375,0.88001,0.74534,0.79849,0.81609,0.8772,0.73056,0.68133,1.07297,0.40262,1.19124,0.00920305,0.00920305,0.00920305
163,3104.52,0.83375,1.36719,0.58256,1.28938,0.83256,0.83824,0.88945,0.75872,0.83899,0.83525,0.88463,0.732,0.68712,1.03774,0.40291,1.18642,0.0091981,0.0091981,0.0091981
164,3123.15,0.82257,1.32171,0.57083,1.28831,0.86365,0.82514,0.89634,0.75428,0.86037,0.80077,0.88114,0.73424,0.70486,1.08837,0.38832,1.19084,0.00919315,0.00919315,0.00919315
165,3141.61,0.80916,1.29719,0.55975,1.27519,0.85615,0.82091,0.88465,0.75219,0.86616,0.79693,0.87781,0.72719,0.69314,1.08626,0.39497,1.17814,0.0091882,0.0091882,0.0091882
166,3160.09,0.83317,1.31242,0.56784,1.28665,0.88069,0.82019,0.89472,0.75593,0.87246,0.81253,0.88837,0.72523,0.6956,1.0748,0.38948,1.18387,0.00918325,0.00918325,0.00918325
167,3178.84,0.82288,1.3323,0.56902,1.29469,0.85674,0.84291,0.88899,0.7591,0.85285,0.83908,0.88645,0.72855,0.66643,1.06997,0.39451,1.17399,0.0091783,0.0091783,0.0091783
168,3197.48,0.80588,1.30346,0.5595,1.2701,0.85663,0.82415,0.89727,0.75724,0.85265,0.82032,0.89377,0.7298,0.69505,1.08248,0.41007,1.21017,0.00917335,0.00917335,0.00917335
169,3216.02,0.81722,1.29138,0.55689,1.28033,0.8468,0.84709,0.89791,0.75251,0.84066,0.83525,0.88683,0.72624,0.69373,1.06365,0.39572,1.2024,0.0091684,0.0091684,0.0091684
170,3234.68,0.81186,1.29399,0.55423,1.26675,0.88694,0.84159,0.90184,0.77021,0.88349,0.84257,0.89473,0.74402,0.67984,1.0924,0.39024,1.18735,0.00916345,0.00916345,0.00916345
171,3253.16,0.80359,1.28592,0.56749,1.26133,0.83982,0.83908,0.88792,0.75832,0.83928,0.83525,0.88423,0.72801,0.7002,1.08713,0.4165,1.19095,0.0091585,0.0091585,0.0091585
172,3271.77,0.8136,1.33626,0.56812,1.27162,0.85379,0.85057,0.8881,0.75298,0.85603,0.84288,0.88416,0.73112,0.68638,1.07966,0.42502,1.17714,0.00915355,0.00915355,0.00915355
173,3290.36,0.80925,1.32272,0.54578,1.27104,0.87719,0.85824,0.90078,0.76191,0.87187,0.85441,0.89853,0.74074,0.6693,1.06503,0.38757,1.17364,0.0091486,0.0091486,0.0091486
174,3308.92,0.81476,1.30834,0.56083,1.26776,0.88006,0.81609,0.89658,0.75633,0.87706,0.8046,0.89002,0.73329,0.69675,1.0555,0.39855,1.20701,0.00914365,0.00914365,0.00914365
175,3327.32,0.82,1.32004,0.56107,1.27603,0.85607,0.84318,0.89796,0.75683,0.85257,0.84197,0.89156,0.73224,0.70171,1.0849,0.39475,1.21104,0.0091387,0.0091387,0.0091387
176,3345.67,0.81617,1.35565,0.55971,1.26704,0.86953,0.84264,0.90349,0.76657,0.86558,0.83881,0.89651,0.73899,0.69941,1.06799,0.41879,1.20819,0.00913375,0.00913375,0.00913375
177,3364.01,0.80058,1.30418,0.5575,1.26681,0.89624,0.86044,0.91419,0.77785,0.89635,0.85441,0.91127,0.74814,0.68576,1.06356,0.39499,1.19276,0.0091288,0.0091288,0.0091288
178,3382.54,0.81098,1.30529,0.55348,1.26738,0.87315,0.84391,0.90414,0.7678,0.86522,0.83625,0.8964,0.74124,0.70137,1.04817,0.40728,1.19337,0.00912385,0.00912385,0.00912385
179,3401.18,0.80412,1.33277,0.55642,1.26537,0.85603,0.84292,0.89403,0.76452,0.83816,0.85824,0.88494,0.73224,0.68157,1.07574,0.41211,1.18994,0.0091189,0.0091189,0.0091189
180,3419.6,0.81852,1.29324,0.56885,1.28123,0.86717,0.83142,0.90194,0.76679,0.85742,0.82375,0.89081,0.73356,0.69541,1.08971,0.39752,1.2071,0.00911395,0.00911395,0.00911395
181,3437.88,0.81537,1.31245,0.57116,1.27468,0.89388,0.83525,0.90473,0.76239,0.88568,0.82759,0.8928,0.73554,0.69197,1.09953,0.40655,1.19128,0.009109,0.009109,0.009109
182,3457.67,0.80284,1.28427,0.54956,1.26496,0.85604,0.84297,0.89089,0.758,0.8525,0.8415,0.88538,0.73169,0.68952,1.11483,0.45209,1.19512,0.00910405,0.00910405,0.00910405
183,3479.91,0.82512,1.3118,0.56534,1.26964,0.87091,0.85302,0.90063,0.76158,0.86673,0.85057,0.89663,0.73806,0.69636,1.09019,0.41853,1.20539,0.0090991,0.0090991,0.0090991
184,3498.64,0.80691,1.27065,0.55656,1.26467,0.86993,0.85057,0.89826,0.76197,0.87612,0.83525,0.89359,0.73358,0.7033,1.09741,0.45371,1.21123,0.00909415,0.00909415,0.00909415
185,3517.35,0.79506,1.2875,0.54986,1.26246,0.85223,0.81757,0.89035,0.7617,0.82559,0.82375,0.88704,0.73465,0.69858,1.11272,0.41572,1.20552,0.0090892,0.0090892,0.0090892
186,3535.93,0.80799,1.26922,0.55497,1.26576,0.83733,0.8283,0.8899,0.7583,0.83364,0.82559,0.88203,0.73579,0.68208,1.06761,0.46274,1.16764,0.00908425,0.00908425,0.00908425
187,3554.5,0.80015,1.26207,0.55717,1.25113,0.88287,0.84674,0.89482,0.76209,0.87888,0.84291,0.8921,0.72538,0.68678,1.09018,0.45055,1.18976,0.0090793,0.0090793,0.0090793
188,3572.96,0.80422,1.27981,0.54156,1.26122,0.89596,0.83908,0.90332,0.7661,0.88778,0.83142,0.88994,0.73135,0.6952,1.11215,0.40621,1.19863,0.00907435,0.00907435,0.00907435
189,3591.83,0.81268,1.28556,0.55859,1.26646,0.86599,0.83142,0.90065,0.76755,0.8488,0.82759,0.89388,0.73669,0.68274,1.1349,0.39614,1.18589,0.0090694,0.0090694,0.0090694
190,3610.51,0.79698,1.31454,0.55135,1.26183,0.85857,0.84674,0.90108,0.76815,0.8508,0.83908,0.89051,0.73731,0.67709,1.08158,0.40093,1.1773,0.00906445,0.00906445,0.00906445
191,3629.31,0.80325,1.31351,0.55773,1.27504,0.89323,0.81992,0.90941,0.77789,0.89503,0.8046,0.90218,0.73831,0.68156,1.06939,0.43153,1.18143,0.0090595,0.0090595,0.0090595
192,3647.79,0.79463,1.3102,0.5444,1.25708,0.86709,0.82484,0.89783,0.76793,0.8779,0.79892,0.89197,0.73634,0.67927,1.04537,0.43022,1.17734,0.00905455,0.00905455,0.00905455
193,3666.12,0.81184,1.35123,0.56612,1.26754,0.86781,0.83142,0.9,0.77317,0.87421,0.81992,0.88888,0.74263,0.67612,1.06469,0.40762,1.17751,0.0090496,0.0090496,0.0090496
194,3684.59,0.80546,1.29811,0.54655,1.26051,0.86939,0.85824,0.90584,0.77418,0.85177,0.83525,0.88661,0.74314,0.67387,1.06327,0.39464,1.16554,0.00904465,0.00904465,0.00904465
195,3703.04,0.80382,1.30111,0.55342,1.25467,0.87659,0.85824,0.90151,0.76892,0.85767,0.85824,0.89263,0.74052,0.67195,1.07141,0.40201,1.15394,0.0090397,0.0090397,0.0090397
196,3721.39,0.80641,1.25918,0.55087,1.26014,0.89432,0.84674,0.90377,0.77489,0.86135,0.85692,0.89802,0.74314,0.68223,1.06463,0.42379,1.1633,0.00903475,0.00903475,0.00903475
197,3739.94,0.80402,1.27817,0.53917,1.25354,0.83686,0.86207,0.90349,0.77353,0.8429,0.85057,0.89927,0.74975,0.66569,1.04021,0.36612,1.15266,0.0090298,0.0090298,0.0090298
198,3758.26,0.79633,1.26527,0.54152,1.26072,0.86996,0.83908,0.89807,0.7724,0.84777,0.82759,0.88844,0.74076,0.66289,1.02453,0.37528,1.15515,0.00902485,0.00902485,0.00902485
199,3776.67,0.80464,1.30547,0.55031,1.26771,0.84919,0.84291,0.90108,0.77358,0.82368,0.83142,0.89215,0.74244,0.68572,1.05243,0.38179,1.17435,0.0090199,0.0090199,0.0090199
200,3795.01,0.80477,1.27631,0.54851,1.26158,0.83035,0.85441,0.89593,0.76748,0.81043,0.85173,0.88855,0.74478,0.68609,1.0353,0.38798,1.16723,0.00901495,0.00901495,0.00901495
201,3813.49,0.78991,1.28223,0.54564,1.247,0.85082,0.86207,0.89739,0.76881,0.8442,0.85824,0.89443,0.7398,0.67383,1.03109,0.3876,1.17393,0.00901,0.00901,0.00901
202,3831.83,0.78101,1.30296,0.54159,1.23605,0.84894,0.86207,0.90151,0.77545,0.84721,0.85824,0.89854,0.74576,0.66765,1.01775,0.40905,1.16332,0.00900505,0.00900505,0.00900505
203,3850.08,0.8036,1.28368,0.55065,1.25897,0.86491,0.85057,0.90602,0.77294,0.87198,0.8046,0.89768,0.74594,0.67076,1.04997,0.43845,1.15772,0.0090001,0.0090001,0.0090001
204,3868.73,0.79,1.27874,0.5463,1.25663,0.86384,0.84291,0.89882,0.76518,0.8686,0.81049,0.89108,0.74056,0.68972,1.06433,0.41131,1.17055,0.00899515,0.00899515,0.00899515
205,3887.31,0.79965,1.25487,0.53702,1.25195,0.84391,0.85057,0.90118,0.77013,0.86694,0.82759,0.88987,0.74359,0.66992,1.06348,0.41484,1.1442,0.0089902,0.0089902,0.0089902
206,3905.84,0.78931,1.2715,0.55451,1.24827,0.87196,0.85441,0.90963,0.78129,0.88753,0.82759,0.90559,0.75254,0.66213,1.07906,0.37571,1.14867,0.00898525,0.00898525,0.00898525
207,3924.37,0.79382,1.28961,0.54717,1.25247,0.84868,0.85956,0.90762,0.78228,0.85887,0.81609,0.89035,0.74175,0.66687,1.10688,0.38955,1.16277,0.0089803,0.0089803,0.0089803
208,3942.76,0.78972,1.2566,0.54808,1.24631,0.88143,0.85445,0.90963,0.7785,0.87352,0.84679,0.90305,0.74504,0.67638,1.10107,0.40309,1.18615,0.00897535,0.00897535,0.00897535
209,3961.26,0.80894,1.28409,0.55101,1.26415,0.87871,0.85824,0.90533,0.77527,0.87086,0.85057,0.89994,0.74476,0.68482,1.06131,0.39296,1.18743,0.0089704,0.0089704,0.0089704
210,3979.87,0.77837,1.25087,0.53874,1.24727,0.89663,0.8659,0.90177,0.7683,0.88869,0.85824,0.89098,0.74578,0.68076,1.0761,0.38526,1.1818,0.00896545,0.00896545,0.00896545
211,3998.32,0.81127,1.29985,0.54698,1.25807,0.88684,0.86973,0.90906,0.7689,0.87913,0.8639,0.89629,0.74796,0.7047,1.05253,0.3982,1.19589,0.0089605,0.0089605,0.0089605
212,4016.7,0.78653,1.28581,0.54331,1.2436,0.89901,0.85267,0.91466,0.78065,0.88728,0.84447,0.90557,0.75387,0.68468,1.03794,0.37852,1.182,0.00895555,0.00895555,0.00895555
213,4035.1,0.78341,1.26104,0.53061,1.24615,0.90714,0.85441,0.9156,0.78399,0.89192,0.85372,0.90742,0.76041,0.67074,1.05053,0.35487,1.1683,0.0089506,0.0089506,0.0089506
214,4053.7,0.78446,1.26612,0.53489,1.23966,0.90328,0.85878,0.91728,0.78092,0.89141,0.84924,0.9039,0.75321,0.67033,1.06027,0.36415,1.15357,0.00894565,0.00894565,0.00894565
215,4072.15,0.77955,1.27586,0.53908,1.24138,0.91234,0.85441,0.91498,0.78152,0.90825,0.85057,0.9087,0.76157,0.66948,1.04031,0.37291,1.14906,0.0089407,0.0089407,0.0089407
216,4090.58,0.78873,1.26443,0.54577,1.2462,0.92271,0.85824,0.91308,0.78692,0.92198,0.86028,0.91251,0.76359,0.66655,1.04583,0.38043,1.16162,0.00893575,0.00893575,0.00893575
217,4109.23,0.80345,1.265,0.55311,1.25539,0.89983,0.8604,0.90327,0.7761,0.87954,0.83928,0.88106,0.73819,0.67024,1.08183,0.37335,1.15724,0.0089308,0.0089308,0.0089308
218,4127.95,0.79752,1.26653,0.54505,1.25146,0.87924,0.86481,0.91233,0.78549,0.86756,0.85332,0.89619,0.75396,0.66816,1.04462,0.39535,1.15652,0.00892585,0.00892585,0.00892585
219,4146.42,0.77021,1.23466,0.51116,1.22908,0.88305,0.85824,0.90977,0.7826,0.87332,0.84524,0.89426,0.75166,0.67256,1.01748,0.38442,1.15811,0.0089209,0.0089209,0.0089209
220,4167,0.79601,1.33319,0.5459,1.25073,0.89862,0.84291,0.91394,0.78739,0.89135,0.83525,0.90171,0.75068,0.67357,1.03647,0.37754,1.16132,0.00891595,0.00891595,0.00891595
221,4185.33,0.78407,1.26593,0.5317,1.24227,0.90789,0.86973,0.92029,0.79335,0.89535,0.85231,0.90818,0.75943,0.6716,1.04024,0.38503,1.15929,0.008911,0.008911,0.008911
222,4203.93,0.78635,1.25497,0.54534,1.2523,0.8794,0.83816,0.91007,0.78056,0.87867,0.80843,0.89101,0.74396,0.67351,1.03872,0.39225,1.15991,0.00890605,0.00890605,0.00890605
223,4222.26,0.78097,1.25904,0.52477,1.23997,0.83312,0.85824,0.9008,0.77469,0.82196,0.85824,0.89309,0.74923,0.67536,1.04931,0.39332,1.16637,0.0089011,0.0089011,0.0089011
224,4240.51,0.77854,1.25358,0.52999,1.23505,0.86892,0.86355,0.90768,0.7757,0.86165,0.85905,0.90323,0.75449,0.67727,1.04403,0.38149,1.16357,0.00889615,0.00889615,0.00889615
225,4259.04,0.78849,1.25864,0.54686,1.24114,0.90569,0.84291,0.90977,0.77267,0.88986,0.83579,0.89919,0.74893,0.66936,1.06087,0.35578,1.16724,0.0088912,0.0088912,0.0088912
226,4277.21,0.79702,1.26636,0.54245,1.23991,0.87748,0.87807,0.90904,0.78005,0.85586,0.8659,0.89052,0.74548,0.66867,1.0817,0.35458,1.15752,0.00888625,0.00888625,0.00888625
227,4295.64,0.77812,1.25045,0.53093,1.24106,0.88023,0.87288,0.91138,0.77572,0.86217,0.86279,0.89413,0.74184,0.66754,1.08793,0.36381,1.16255,0.0088813,0.0088813,0.0088813
228,4314.09,0.79393,1.26114,0.53012,1.24409,0.92475,0.85824,0.9237,0.78906,0.91134,0.84674,0.91021,0.75113,0.66793,1.05343,0.37867,1.17177,0.00887635,0.00887635,0.00887635
229,4332.86,0.78909,1.27664,0.53874,1.24909,0.88084,0.8497,0.91564,0.78625,0.86808,0.85721,0.90677,0.74921,0.67365,1.06187,0.37412,1.16277,0.0088714,0.0088714,0.0088714
230,4351.44,0.77562,1.23876,0.53076,1.2279,0.85652,0.85057,0.90551,0.7772,0.84657,0.84291,0.8988,0.74641,0.66958,1.06722,0.36435,1.15609,0.00886645,0.00886645,0.00886645
231,4369.8,0.76977,1.24373,0.52904,1.22976,0.8744,0.88019,0.91018,0.78123,0.86333,0.87131,0.90281,0.7537,0.66435,1.05008,0.36335,1.1531,0.0088615,0.0088615,0.0088615
232,4388.17,0.77785,1.25867,0.52427,1.23365,0.86252,0.85824,0.90807,0.77653,0.84912,0.84291,0.89671,0.75292,0.67489,1.04753,0.36633,1.15863,0.00885655,0.00885655,0.00885655
233,4406.74,0.76816,1.25556,0.52524,1.23348,0.86532,0.86973,0.90801,0.7772,0.85495,0.85824,0.8928,0.74622,0.66766,1.04961,0.37766,1.16239,0.0088516,0.0088516,0.0088516
234,4425.18,0.77437,1.22912,0.51796,1.24119,0.9093,0.84503,0.91474,0.78847,0.90105,0.83737,0.9055,0.74944,0.66394,1.05807,0.37836,1.1594,0.00884665,0.00884665,0.00884665
235,4443.45,0.77714,1.27175,0.54031,1.23749,0.89045,0.87202,0.91622,0.79087,0.89301,0.85441,0.90357,0.75587,0.65745,1.04988,0.38488,1.14931,0.0088417,0.0088417,0.0088417
236,4461.65,0.79074,1.26098,0.53862,1.24632,0.8671,0.87493,0.91078,0.78105,0.86467,0.85824,0.9025,0.74944,0.66274,1.07776,0.37321,1.15868,0.00883675,0.00883675,0.00883675
237,4480.06,0.7763,1.24741,0.51814,1.23389,0.89058,0.85057,0.91397,0.78283,0.90842,0.80077,0.89988,0.74933,0.6667,1.07601,0.36806,1.16694,0.0088318,0.0088318,0.0088318
238,4498.53,0.77651,1.25318,0.52396,1.23133,0.88996,0.86973,0.91764,0.78138,0.87803,0.85057,0.90485,0.75748,0.66839,1.06317,0.3631,1.15848,0.00882685,0.00882685,0.00882685
239,4517.13,0.76168,1.24929,0.51668,1.22239,0.85609,0.8659,0.915,0.77665,0.84852,0.85824,0.90553,0.74985,0.67407,1.05925,0.37021,1.17151,0.0088219,0.0088219,0.0088219
240,4535.64,0.77413,1.24551,0.52339,1.2272,0.85753,0.84291,0.91285,0.77602,0.84497,0.83528,0.9044,0.74781,0.68188,1.05934,0.35046,1.17468,0.00881695,0.00881695,0.00881695
241,4554.04,0.7732,1.24017,0.51442,1.23272,0.88677,0.84674,0.91855,0.78403,0.87509,0.83525,0.90836,0.75781,0.66618,1.05574,0.35321,1.15754,0.008812,0.008812,0.008812
242,4574.45,0.78097,1.26518,0.53421,1.24091,0.86621,0.84343,0.91401,0.77922,0.866,0.82375,0.89496,0.7507,0.66263,1.04703,0.35523,1.16006,0.00880705,0.00880705,0.00880705
243,4592.83,0.77407,1.23477,0.52491,1.23185,0.88456,0.86207,0.91736,0.78633,0.86912,0.84674,0.8972,0.74839,0.66877,1.04896,0.36113,1.17054,0.0088021,0.0088021,0.0088021
244,4611.07,0.77449,1.22306,0.52111,1.23231,0.89319,0.86507,0.91808,0.78397,0.89037,0.84016,0.90278,0.7502,0.66752,1.05064,0.3601,1.178,0.00879715,0.00879715,0.00879715
245,4629.25,0.78466,1.22296,0.52381,1.23955,0.87896,0.86207,0.9207,0.78709,0.86334,0.84674,0.90441,0.74971,0.66546,1.0499,0.35659,1.18265,0.0087922,0.0087922,0.0087922
246,4647.54,0.76877,1.2214,0.52102,1.23248,0.89509,0.84992,0.9112,0.78213,0.8762,0.84065,0.89437,0.74945,0.66049,1.05,0.37088,1.17098,0.00878725,0.00878725,0.00878725
247,4665.78,0.78378,1.24328,0.52252,1.22802,0.89762,0.86207,0.91622,0.78749,0.87382,0.87739,0.90807,0.75259,0.66428,1.05673,0.37948,1.16192,0.0087823,0.0087823,0.0087823
248,4684.3,0.77122,1.27995,0.52026,1.23158,0.89012,0.85441,0.90874,0.78191,0.8697,0.85057,0.90241,0.74716,0.66265,1.05131,0.35757,1.16902,0.00877735,0.00877735,0.00877735
249,4702.82,0.77722,1.25971,0.52148,1.24771,0.88652,0.87356,0.91344,0.78046,0.87724,0.8659,0.90233,0.75113,0.66391,1.03596,0.35433,1.16455,0.0087724,0.0087724,0.0087724
250,4720.99,0.7819,1.26151,0.51834,1.23466,0.89806,0.87356,0.92163,0.79026,0.8823,0.85824,0.90946,0.75724,0.66928,1.03584,0.36943,1.15962,0.00876745,0.00876745,0.00876745
251,4739.44,0.7821,1.25366,0.52818,1.23736,0.85234,0.8625,0.91477,0.78868,0.8334,0.84334,0.89588,0.74806,0.65411,1.06738,0.37008,1.14213,0.0087625,0.0087625,0.0087625
252,4758.01,0.78361,1.23006,0.51672,1.2376,0.87993,0.87041,0.91351,0.78805,0.86831,0.85892,0.90121,0.75151,0.65632,1.0592,0.37534,1.14502,0.00875755,0.00875755,0.00875755
253,4776.43,0.78039,1.23654,0.52502,1.23584,0.90353,0.86123,0.9163,0.79386,0.88734,0.85824,0.90689,0.75363,0.64474,1.04873,0.37585,1.13762,0.0087526,0.0087526,0.0087526
254,4795.14,0.78643,1.24581,0.53056,1.23739,0.89823,0.85057,0.91982,0.79148,0.88676,0.84674,0.91599,0.75827,0.65328,1.02781,0.3731,1.14596,0.00874765,0.00874765,0.00874765
255,4816.83,0.77142,1.26708,0.5217,1.22769,0.88965,0.86487,0.91723,0.78894,0.87782,0.85338,0.90787,0.75669,0.65603,1.04911,0.3691,1.15478,0.0087427,0.0087427,0.0087427
256,4838.23,0.78267,1.21671,0.52322,1.23112,0.88709,0.84291,0.91616,0.78785,0.88839,0.82345,0.90693,0.75926,0.65083,1.052,0.36265,1.14688,0.00873775,0.00873775,0.00873775
257,4857,0.76832,1.25269,0.51564,1.22781,0.85908,0.8659,0.90935,0.77937,0.84768,0.85441,0.90106,0.74887,0.66073,1.07355,0.37295,1.15993,0.0087328,0.0087328,0.0087328
258,4875.9,0.7647,1.23208,0.52011,1.21957,0.86955,0.86207,0.91484,0.78385,0.85323,0.85057,0.904,0.75528,0.66526,1.05187,0.37634,1.15866,0.00872785,0.00872785,0.00872785
259,4894.53,0.76683,1.20805,0.52183,1.22416,0.86625,0.8685,0.91273,0.78197,0.85746,0.86207,0.90119,0.75547,0.66671,1.04393,0.37418,1.15561,0.0087229,0.0087229,0.0087229
260,4912.96,0.7602,1.20861,0.50715,1.23486,0.87478,0.86207,0.91495,0.78261,0.86073,0.85246,0.90322,0.75746,0.67947,1.06,0.37411,1.15395,0.00871795,0.00871795,0.00871795
261,4931.51,0.77326,1.23292,0.51385,1.22893,0.87476,0.85633,0.91488,0.77989,0.85727,0.85148,0.90097,0.75188,0.68216,1.07941,0.36602,1.15266,0.008713,0.008713,0.008713
262,4950.01,0.76948,1.2575,0.52221,1.2323,0.87694,0.87371,0.92027,0.77943,0.85916,0.86207,0.90451,0.75504,0.67655,1.08663,0.36542,1.14927,0.00870805,0.00870805,0.00870805
263,4968.48,0.75747,1.23619,0.50745,1.22226,0.86272,0.86973,0.91612,0.77459,0.8507,0.86207,0.9051,0.74564,0.67363,1.08625,0.36214,1.1592,0.0087031,0.0087031,0.0087031
264,4986.97,0.76999,1.23276,0.52551,1.22457,0.86011,0.8716,0.91751,0.77842,0.84498,0.85627,0.89615,0.74747,0.67432,1.09097,0.36751,1.16159,0.00869815,0.00869815,0.00869815
265,5005.22,0.75634,1.22422,0.51173,1.21775,0.88553,0.85952,0.91809,0.77994,0.87048,0.85824,0.90091,0.74516,0.67336,1.10334,0.37151,1.16503,0.0086932,0.0086932,0.0086932
266,5023.54,0.77132,1.21198,0.5219,1.2339,0.89462,0.84571,0.91468,0.78219,0.86871,0.85441,0.89489,0.74507,0.67173,1.09153,0.37115,1.16069,0.00868825,0.00868825,0.00868825
267,5042.18,0.77012,1.22863,0.50914,1.22758,0.91284,0.84291,0.91756,0.7841,0.8897,0.85824,0.90509,0.74839,0.67899,1.08571,0.3705,1.16648,0.0086833,0.0086833,0.0086833
268,5060.5,0.772,1.22184,0.52107,1.22494,0.86323,0.84638,0.91182,0.77792,0.85309,0.84548,0.89672,0.73854,0.67616,1.06795,0.36488,1.16306,0.00867835,0.00867835,0.00867835
269,5078.88,0.77717,1.22932,0.52474,1.21952,0.89454,0.83908,0.91736,0.77815,0.88911,0.82942,0.8992,0.74613,0.67157,1.06122,0.34873,1.16578,0.0086734,0.0086734,0.0086734
270,5097.37,0.76528,1.21971,0.51561,1.21721,0.89958,0.85809,0.91538,0.78061,0.87773,0.85441,0.89804,0.74967,0.66956,1.05555,0.35584,1.15998,0.00866845,0.00866845,0.00866845
271,5115.85,0.75548,1.23226,0.51672,1.21231,0.89402,0.8659,0.91822,0.78251,0.87602,0.84674,0.89024,0.74688,0.66134,1.04984,0.35277,1.15432,0.0086635,0.0086635,0.0086635
272,5134.22,0.76813,1.23194,0.51782,1.22989,0.86525,0.86973,0.91121,0.77815,0.85382,0.85824,0.89182,0.7453,0.66026,1.03942,0.35537,1.15538,0.00865855,0.00865855,0.00865855
273,5152.73,0.75687,1.21873,0.51035,1.21139,0.90141,0.85057,0.91715,0.78405,0.89146,0.84963,0.90692,0.75773,0.6619,1.02319,0.35841,1.15177,0.0086536,0.0086536,0.0086536
274,5171.1,0.76623,1.19537,0.5099,1.2222,0.89133,0.85441,0.91654,0.78488,0.87854,0.84674,0.90529,0.75616,0.66567,1.04079,0.36275,1.15319,0.00864865,0.00864865,0.00864865
275,5189.54,0.74799,1.22032,0.49846,1.21101,0.88177,0.86207,0.91748,0.78143,0.86452,0.85057,0.90066,0.75619,0.6656,1.03803,0.35415,1.15221,0.0086437,0.0086437,0.0086437
276,5208.05,0.77093,1.23283,0.51393,1.21918,0.88484,0.86973,0.91853,0.7795,0.8752,0.8659,0.9095,0.7573,0.66663,1.02854,0.35546,1.14914,0.00863875,0.00863875,0.00863875
277,5226.46,0.75939,1.23524,0.51248,1.21655,0.8943,0.86207,0.9195,0.78593,0.88115,0.85217,0.90241,0.75888,0.67236,1.04161,0.35173,1.15421,0.0086338,0.0086338,0.0086338
278,5244.75,0.76835,1.25649,0.52447,1.22161,0.88744,0.87739,0.9136,0.77936,0.87185,0.86023,0.89174,0.74975,0.67367,1.05057,0.35012,1.16171,0.00862885,0.00862885,0.00862885
279,5263.15,0.75218,1.23978,0.51156,1.21045,0.87674,0.87205,0.9161,0.78248,0.85705,0.87356,0.90097,0.75203,0.66337,1.04498,0.35027,1.15131,0.0086239,0.0086239,0.0086239
280,5281.6,0.74875,1.20054,0.50725,1.2084,0.86497,0.88123,0.91567,0.78281,0.85138,0.8659,0.89613,0.74749,0.66942,1.06614,0.35134,1.16206,0.00861895,0.00861895,0.00861895
281,5299.96,0.77572,1.23642,0.51641,1.22079,0.87444,0.88059,0.9197,0.78859,0.86684,0.87292,0.90511,0.75649,0.66056,1.06449,0.34327,1.15714,0.008614,0.008614,0.008614
282,5318.37,0.75049,1.23356,0.50291,1.20902,0.88155,0.88395,0.91931,0.78688,0.87391,0.87628,0.90602,0.75696,0.66039,1.07593,0.34335,1.15706,0.00860905,0.00860905,0.00860905
283,5336.77,0.75394,1.22455,0.50802,1.21058,0.90013,0.88889,0.92557,0.79335,0.89237,0.88123,0.91133,0.75996,0.6589,1.05393,0.34662,1.1523,0.0086041,0.0086041,0.0086041
284,5355.44,0.76142,1.2357,0.51341,1.21581,0.87464,0.88214,0.91689,0.78648,0.87084,0.8783,0.90725,0.75215,0.66944,1.0612,0.35708,1.15574,0.00859915,0.00859915,0.00859915
285,5373.89,0.75273,1.20604,0.51419,1.22044,0.88096,0.87897,0.92191,0.7871,0.87758,0.87892,0.91274,0.75791,0.67537,1.07433,0.36042,1.16019,0.0085942,0.0085942,0.0085942
286,5392.39,0.75593,1.20842,0.51452,1.20976,0.89277,0.87356,0.91813,0.78222,0.88064,0.85824,0.89797,0.75146,0.66942,1.0739,0.35248,1.16173,0.00858925,0.00858925,0.00858925
287,5410.77,0.76936,1.25316,0.52412,1.22977,0.88677,0.87356,0.91805,0.78829,0.86943,0.86207,0.90325,0.75594,0.65742,1.05603,0.35497,1.15225,0.0085843,0.0085843,0.0085843
288,5429.24,0.76949,1.20839,0.50697,1.21851,0.86727,0.87623,0.91815,0.78428,0.85328,0.86905,0.9065,0.75639,0.66206,1.06431,0.357,1.15413,0.00857935,0.00857935,0.00857935
289,5447.64,0.7659,1.20954,0.50212,1.21285,0.90136,0.85441,0.91919,0.78781,0.88519,0.83908,0.89639,0.75054,0.66418,1.06106,0.36059,1.15447,0.0085744,0.0085744,0.0085744
290,5467.68,0.76212,1.24403,0.51215,1.21505,0.87501,0.87356,0.91863,0.78841,0.85374,0.87224,0.90924,0.75344,0.6629,1.05294,0.35926,1.14961,0.00856945,0.00856945,0.00856945
291,5487.61,0.75047,1.20371,0.50404,1.20781,0.893,0.86333,0.92282,0.79071,0.87456,0.87356,0.9121,0.76141,0.65907,1.06296,0.35322,1.15212,0.0085645,0.0085645,0.0085645
292,5506.06,0.77594,1.23093,0.51572,1.22699,0.91155,0.86866,0.92711,0.79356,0.89646,0.86207,0.90982,0.76306,0.65852,1.05951,0.34872,1.15388,0.00855955,0.00855955,0.00855955
293,5524.7,0.75288,1.22946,0.51524,1.21256,0.88377,0.87356,0.92215,0.79278,0.87656,0.87356,0.91313,0.76178,0.66572,1.06015,0.35305,1.15785,0.0085546,0.0085546,0.0085546
294,5543.35,0.7587,1.22169,0.51114,1.2158,0.86879,0.86973,0.91927,0.7894,0.85608,0.8659,0.90428,0.75656,0.66703,1.06529,0.354,1.15733,0.00854965,0.00854965,0.00854965
295,5561.93,0.7582,1.20457,0.49459,1.20616,0.8992,0.85444,0.92179,0.78972,0.89152,0.85014,0.90537,0.75713,0.669,1.07302,0.36482,1.16018,0.0085447,0.0085447,0.0085447
296,5580.38,0.76089,1.209,0.50446,1.20841,0.89804,0.85057,0.92284,0.79086,0.88134,0.85376,0.90573,0.76109,0.67186,1.05761,0.35851,1.16027,0.00853975,0.00853975,0.00853975
297,5599.09,0.75677,1.20758,0.50394,1.21471,0.89197,0.88123,0.9236,0.79043,0.88421,0.87356,0.90836,0.76174,0.6735,1.0526,0.35917,1.16329,0.0085348,0.0085348,0.0085348
298,5617.52,0.75733,1.19228,0.50181,1.21324,0.89432,0.87541,0.92271,0.79113,0.8866,0.86873,0.90997,0.76447,0.67321,1.05341,0.34972,1.16235,0.00852985,0.00852985,0.00852985
299,5636.08,0.74464,1.19665,0.49544,1.20856,0.88449,0.88011,0.92174,0.7905,0.86166,0.8659,0.90472,0.7612,0.66849,1.05813,0.35078,1.16168,0.0085249,0.0085249,0.0085249
300,5654.5,0.75239,1.17549,0.49933,1.19548,0.87417,0.87835,0.91352,0.78393,0.85891,0.86303,0.89226,0.75419,0.66641,1.07196,0.34511,1.16165,0.00851995,0.00851995,0.00851995
301,5672.92,0.75774,1.23613,0.51532,1.2099,0.8949,0.88085,0.91552,0.78155,0.88315,0.8687,0.8973,0.7567,0.66556,1.061,0.3438,1.15842,0.008515,0.008515,0.008515
302,5691.42,0.74607,1.19956,0.50059,1.20084,0.89964,0.87356,0.91927,0.788,0.86911,0.87356,0.90585,0.76252,0.66853,1.05637,0.34343,1.16081,0.00851005,0.00851005,0.00851005
303,5709.97,0.76665,1.20677,0.51158,1.2196,0.89697,0.86728,0.91901,0.7873,0.8654,0.87356,0.90533,0.76227,0.66831,1.03595,0.35182,1.15833,0.0085051,0.0085051,0.0085051
304,5728.66,0.78308,1.23585,0.52699,1.21742,0.88008,0.8659,0.91867,0.788,0.87191,0.85824,0.9054,0.76312,0.67095,1.03371,0.35138,1.15908,0.00850015,0.00850015,0.00850015
305,5747.35,0.75883,1.22789,0.50833,1.21078,0.9072,0.86207,0.91839,0.78794,0.89171,0.85185,0.90177,0.75792,0.66375,1.04136,0.35386,1.15383,0.0084952,0.0084952,0.0084952
306,5765.88,0.76113,1.23166,0.51357,1.21825,0.89956,0.86973,0.91727,0.78765,0.88351,0.85824,0.90096,0.75652,0.65292,1.05315,0.35626,1.13891,0.00849025,0.00849025,0.00849025
307,5784.25,0.74816,1.19164,0.49426,1.19894,0.89839,0.88081,0.92156,0.79563,0.87885,0.86165,0.89646,0.75704,0.65435,1.06559,0.34965,1.14062,0.0084853,0.0084853,0.0084853
308,5802.75,0.73446,1.15714,0.48804,1.18944,0.91419,0.85824,0.92423,0.79908,0.8938,0.83844,0.8989,0.75698,0.65148,1.06001,0.34744,1.13597,0.00848035,0.00848035,0.00848035
309,5821.15,0.75181,1.20917,0.50515,1.20915,0.88191,0.85843,0.92114,0.79519,0.87017,0.85824,0.90308,0.76094,0.65696,1.047,0.34637,1.13603,0.0084754,0.0084754,0.0084754
310,5839.47,0.7528,1.21315,0.50271,1.21006,0.89462,0.86207,0.91901,0.79231,0.87708,0.84746,0.90099,0.75879,0.66114,1.05238,0.3405,1.13583,0.00847045,0.00847045,0.00847045
311,5857.93,0.76645,1.26695,0.51795,1.21765,0.88637,0.86671,0.91829,0.79295,0.8668,0.84774,0.89968,0.75673,0.66036,1.06907,0.34587,1.13366,0.0084655,0.0084655,0.0084655
312,5879.37,0.75791,1.22205,0.52091,1.21624,0.90672,0.85656,0.91916,0.79469,0.88555,0.82759,0.89809,0.75752,0.65424,1.07394,0.347,1.13347,0.00846055,0.00846055,0.00846055
313,5897.98,0.74835,1.18515,0.50257,1.21087,0.89261,0.85982,0.91969,0.79085,0.87158,0.85057,0.90057,0.75437,0.65361,1.06783,0.34245,1.1355,0.0084556,0.0084556,0.0084556
314,5916.51,0.74892,1.23143,0.50096,1.19916,0.8866,0.86973,0.92032,0.79013,0.86982,0.85441,0.90205,0.75877,0.65432,1.06507,0.3442,1.13368,0.00845065,0.00845065,0.00845065
315,5934.92,0.74485,1.20395,0.49286,1.2023,0.88742,0.88123,0.92088,0.79129,0.87469,0.86973,0.90057,0.75662,0.6506,1.06193,0.34416,1.12867,0.0084457,0.0084457,0.0084457
316,5953.32,0.75387,1.16614,0.50112,1.21015,0.8876,0.87744,0.92287,0.79133,0.8763,0.86857,0.90631,0.75758,0.65601,1.06804,0.34404,1.133,0.00844075,0.00844075,0.00844075
317,5971.91,0.75884,1.20535,0.5049,1.20994,0.88714,0.88123,0.92518,0.79322,0.86965,0.8659,0.90361,0.76114,0.65911,1.06116,0.34398,1.13466,0.0084358,0.0084358,0.0084358
318,5990.53,0.74646,1.20294,0.50696,1.19497,0.8905,0.87242,0.92647,0.79293,0.87925,0.86485,0.91001,0.76175,0.65769,1.05952,0.34477,1.13852,0.00843085,0.00843085,0.00843085
319,6008.84,0.75752,1.2339,0.50388,1.20912,0.88368,0.87356,0.92767,0.79355,0.87277,0.86735,0.91082,0.76288,0.66186,1.05875,0.34637,1.13812,0.0084259,0.0084259,0.0084259
320,6027.06,0.76973,1.2459,0.51363,1.21493,0.8857,0.87739,0.92835,0.79564,0.87703,0.86973,0.91212,0.76486,0.65749,1.05448,0.33693,1.13534,0.00842095,0.00842095,0.00842095
321,6045.46,0.75676,1.20606,0.50353,1.20554,0.89092,0.87739,0.92712,0.79586,0.88049,0.87511,0.9101,0.76546,0.65079,1.04817,0.33892,1.12417,0.008416,0.008416,0.008416
322,6063.68,0.73947,1.18735,0.50594,1.19233,0.90282,0.86973,0.92611,0.79405,0.87586,0.86502,0.91243,0.76339,0.65543,1.04605,0.34216,1.12884,0.00841105,0.00841105,0.00841105
323,6081.96,0.73542,1.17754,0.49057,1.19388,0.90956,0.86973,0.92958,0.79493,0.89677,0.86538,0.91232,0.76226,0.66173,1.0508,0.3408,1.13763,0.0084061,0.0084061,0.0084061
324,6100.25,0.76226,1.22927,0.51066,1.21229,0.90604,0.88669,0.93092,0.79744,0.89468,0.8788,0.9101,0.75994,0.6611,1.04247,0.34314,1.13988,0.00840115,0.00840115,0.00840115
325,6118.35,0.74723,1.19847,0.50393,1.19451,0.91287,0.88309,0.93045,0.79692,0.89826,0.87955,0.90902,0.76149,0.65679,1.04094,0.34399,1.14081,0.0083962,0.0083962,0.0083962
326,6136.6,0.74313,1.21763,0.49282,1.19587,0.90184,0.88002,0.92781,0.79385,0.89006,0.86853,0.90712,0.75919,0.64851,1.03605,0.34213,1.13328,0.00839125,0.00839125,0.00839125
327,6154.82,0.7379,1.17679,0.48513,1.1907,0.89147,0.87356,0.92266,0.79162,0.87907,0.86207,0.90498,0.75803,0.65367,1.0424,0.3435,1.13741,0.0083863,0.0083863,0.0083863
328,6173.02,0.7344,1.20156,0.49218,1.1922,0.87504,0.88538,0.92503,0.79298,0.86368,0.87389,0.90464,0.7593,0.64925,1.03943,0.33992,1.13503,0.00838135,0.00838135,0.00838135
329,6191.35,0.74566,1.14882,0.49431,1.19193,0.88512,0.88123,0.92381,0.79011,0.86868,0.8659,0.90195,0.75884,0.64752,1.03241,0.34406,1.12995,0.0083764,0.0083764,0.0083764
330,6209.77,0.73904,1.19164,0.49647,1.19975,0.91292,0.8837,0.92524,0.79511,0.90112,0.87292,0.90696,0.76051,0.64681,1.03063,0.34426,1.1248,0.00837145,0.00837145,0.00837145
331,6227.84,0.73939,1.19736,0.50256,1.198,0.89567,0.88809,0.92421,0.79734,0.87935,0.87739,0.90283,0.75629,0.64686,1.04532,0.34241,1.1262,0.0083665,0.0083665,0.0083665
332,6245.93,0.73655,1.17673,0.49256,1.20189,0.89198,0.88587,0.92619,0.79864,0.88073,0.87739,0.91031,0.75851,0.64751,1.05418,0.34136,1.1296,0.00836155,0.00836155,0.00836155
333,6264.2,0.76024,1.15486,0.49638,1.20455,0.89535,0.88506,0.92717,0.79806,0.88771,0.87838,0.90874,0.75842,0.64635,1.06309,0.33744,1.13236,0.0083566,0.0083566,0.0083566
334,6284.95,0.74905,1.18483,0.49495,1.19719,0.89538,0.88533,0.92614,0.79826,0.88239,0.88123,0.90689,0.75704,0.64457,1.05769,0.33964,1.13311,0.00835165,0.00835165,0.00835165
335,6305.46,0.7348,1.1452,0.4801,1.19131,0.90114,0.86973,0.92403,0.79982,0.88923,0.85824,0.90589,0.75818,0.63735,1.06197,0.3371,1.13064,0.0083467,0.0083467,0.0083467
336,6323.78,0.75315,1.21759,0.49718,1.21473,0.90134,0.8659,0.92338,0.8005,0.88538,0.85057,0.89976,0.75743,0.63726,1.06115,0.33719,1.13054,0.00834175,0.00834175,0.00834175
337,6342.15,0.73709,1.21456,0.49072,1.19501,0.89297,0.86311,0.92171,0.80043,0.8829,0.84674,0.89852,0.759,0.63596,1.06128,0.33612,1.13178,0.0083368,0.0083368,0.0083368
338,6360.44,0.72838,1.13471,0.48028,1.18177,0.90476,0.86207,0.92396,0.8031,0.88868,0.84674,0.9007,0.75801,0.63776,1.06282,0.33402,1.13078,0.00833185,0.00833185,0.00833185
339,6378.56,0.7398,1.18644,0.48965,1.19955,0.90462,0.86207,0.92412,0.80367,0.89002,0.85057,0.90186,0.7625,0.63787,1.06362,0.33163,1.12752,0.0083269,0.0083269,0.0083269
340,6399.66,0.73663,1.21103,0.49251,1.19509,0.89463,0.86207,0.92639,0.80219,0.88153,0.85441,0.90852,0.76522,0.6329,1.05505,0.32477,1.12275,0.00832195,0.00832195,0.00832195
341,6419.95,0.74625,1.19621,0.4864,1.19646,0.90924,0.8659,0.9269,0.80307,0.8928,0.85441,0.90805,0.7685,0.63453,1.04757,0.32259,1.12555,0.008317,0.008317,0.008317
342,6438.32,0.74097,1.18499,0.50971,1.20175,0.89879,0.8659,0.92753,0.80131,0.88902,0.85824,0.91317,0.76999,0.63869,1.04244,0.31959,1.12823,0.00831205,0.00831205,0.00831205
343,6456.84,0.73672,1.17828,0.48811,1.19472,0.90819,0.8659,0.92801,0.80255,0.89613,0.85441,0.91093,0.76676,0.64304,1.04488,0.31846,1.13416,0.0083071,0.0083071,0.0083071
344,6475.2,0.73586,1.18039,0.49569,1.19908,0.89248,0.8659,0.92765,0.80192,0.877,0.84691,0.90479,0.7628,0.64386,1.04368,0.32176,1.13575,0.00830215,0.00830215,0.00830215
345,6493.49,0.7328,1.19836,0.48539,1.18642,0.89352,0.87739,0.92728,0.80109,0.87713,0.86207,0.90328,0.76183,0.64488,1.04904,0.3249,1.13563,0.0082972,0.0082972,0.0082972
346,6511.85,0.74401,1.18728,0.49259,1.19394,0.89872,0.87739,0.92979,0.80297,0.87909,0.86355,0.90854,0.76393,0.64858,1.05078,0.32345,1.13767,0.00829225,0.00829225,0.00829225
347,6530.13,0.75891,1.17839,0.50331,1.20496,0.89777,0.87356,0.92764,0.8012,0.87089,0.8659,0.90275,0.76184,0.65316,1.05093,0.32479,1.137,0.0082873,0.0082873,0.0082873
348,6548.53,0.73748,1.19037,0.48767,1.19794,0.90464,0.87234,0.92767,0.8002,0.88224,0.8659,0.90634,0.76342,0.64765,1.05369,0.32314,1.13233,0.00828235,0.00828235,0.00828235
349,6566.9,0.74187,1.18614,0.49177,1.2006,0.89725,0.8659,0.92532,0.79928,0.87671,0.86973,0.91128,0.76516,0.64102,1.05942,0.32058,1.12666,0.0082774,0.0082774,0.0082774
350,6585.31,0.734,1.19843,0.4805,1.19646,0.90418,0.86769,0.92781,0.80072,0.87285,0.86207,0.90617,0.76188,0.64095,1.06031,0.31933,1.12807,0.00827245,0.00827245,0.00827245
351,6603.95,0.74704,1.19134,0.49425,1.20616,0.90375,0.8659,0.92802,0.80248,0.86285,0.85824,0.9064,0.76381,0.64095,1.06122,0.31496,1.12962,0.0082675,0.0082675,0.0082675
352,6622.48,0.73522,1.19945,0.4837,1.19231,0.90363,0.86224,0.92782,0.80267,0.87852,0.85441,0.90793,0.76071,0.64364,1.05966,0.31086,1.13159,0.00826255,0.00826255,0.00826255
353,6640.78,0.73795,1.19019,0.48908,1.19537,0.929,0.85227,0.92798,0.80322,0.91242,0.83826,0.91296,0.76205,0.64765,1.06146,0.31077,1.13251,0.0082576,0.0082576,0.0082576
354,6659.03,0.73351,1.21058,0.48543,1.19231,0.92508,0.85057,0.93021,0.8029,0.90425,0.83142,0.90925,0.7615,0.6497,1.0645,0.31289,1.13385,0.00825265,0.00825265,0.00825265
355,6677.2,0.73914,1.177,0.48643,1.19731,0.92577,0.85057,0.93005,0.80334,0.90439,0.8336,0.9056,0.76217,0.64996,1.0683,0.31525,1.1356,0.0082477,0.0082477,0.0082477
356,6695.57,0.7324,1.15353,0.47135,1.17983,0.92928,0.85057,0.93146,0.80208,0.90835,0.83142,0.90689,0.76252,0.65161,1.06016,0.31818,1.14021,0.00824275,0.00824275,0.00824275
357,6713.77,0.73276,1.15583,0.48477,1.18634,0.92078,0.86207,0.9314,0.80546,0.89963,0.84291,0.907,0.76298,0.64994,1.05949,0.31835,1.14214,0.0082378,0.0082378,0.0082378
358,6732.03,0.73911,1.18637,0.48276,1.18513,0.92697,0.86207,0.93203,0.80639,0.89616,0.83908,0.90497,0.75984,0.64998,1.06237,0.32113,1.14097,0.00823285,0.00823285,0.00823285
359,6750,0.73931,1.15305,0.48337,1.1899,0.9116,0.86207,0.93141,0.80711,0.88309,0.83929,0.9038,0.76038,0.65055,1.06288,0.32115,1.13934,0.0082279,0.0082279,0.0082279
360,6768.09,0.74775,1.227,0.49847,1.2027,0.90718,0.86973,0.93299,0.80688,0.88422,0.84859,0.90516,0.7605,0.65087,1.06335,0.32336,1.13881,0.00822295,0.00822295,0.00822295
361,6786.24,0.73477,1.16037,0.48383,1.19419,0.91534,0.86997,0.93359,0.80873,0.8994,0.85639,0.91066,0.76571,0.64786,1.05226,0.32351,1.13694,0.008218,0.008218,0.008218
362,6804.29,0.74213,1.18906,0.4904,1.19935,0.9244,0.87356,0.93421,0.80986,0.90675,0.85824,0.91143,0.76872,0.64438,1.03781,0.32193,1.13432,0.00821305,0.00821305,0.00821305
363,6822.46,0.74749,1.19335,0.50071,1.19218,0.93773,0.87356,0.93223,0.80595,0.91813,0.86207,0.9095,0.76648,0.64515,1.0419,0.32593,1.13319,0.0082081,0.0082081,0.0082081
364,6840.59,0.73579,1.18792,0.49801,1.18349,0.91882,0.86734,0.92904,0.80385,0.90318,0.85824,0.90687,0.76036,0.6451,1.04206,0.32589,1.13019,0.00820315,0.00820315,0.00820315
365,6858.63,0.74121,1.19177,0.48853,1.19333,0.91033,0.86973,0.92791,0.80243,0.89362,0.85441,0.90553,0.76099,0.64687,1.0414,0.32497,1.13233,0.0081982,0.0081982,0.0081982
366,6877.05,0.72397,1.16324,0.4788,1.18471,0.92635,0.86749,0.93078,0.80208,0.90625,0.85189,0.90582,0.76125,0.64831,1.04032,0.32424,1.13034,0.00819325,0.00819325,0.00819325
367,6895.24,0.72905,1.16194,0.47909,1.19049,0.93417,0.86994,0.93336,0.80591,0.91797,0.85824,0.91133,0.76448,0.64735,1.03925,0.32345,1.13013,0.0081883,0.0081883,0.0081883
368,6913.4,0.73669,1.19974,0.48631,1.19183,0.93579,0.87356,0.93322,0.8045,0.91437,0.86207,0.91116,0.76529,0.64792,1.03625,0.32252,1.12976,0.00818335,0.00818335,0.00818335
369,6931.7,0.72749,1.1681,0.48347,1.18531,0.94021,0.86973,0.93434,0.80798,0.92054,0.85824,0.91259,0.76947,0.64664,1.0362,0.31655,1.12863,0.0081784,0.0081784,0.0081784
370,6949.88,0.73754,1.15884,0.47758,1.18955,0.9437,0.86973,0.93567,0.8074,0.92445,0.85441,0.91409,0.7698,0.64869,1.03559,0.31669,1.1298,0.00817345,0.00817345,0.00817345
371,6968.28,0.72484,1.17313,0.48762,1.18978,0.93209,0.86973,0.93392,0.80743,0.91521,0.85824,0.91628,0.77156,0.64929,1.02852,0.32022,1.13107,0.0081685,0.0081685,0.0081685
372,6986.5,0.737,1.16246,0.48282,1.19243,0.93031,0.86973,0.93185,0.80696,0.91064,0.86207,0.9176,0.77191,0.64706,1.02962,0.32136,1.13198,0.00816355,0.00816355,0.00816355
373,7004.78,0.73152,1.18235,0.48677,1.1796,0.92782,0.86973,0.92806,0.80604,0.90953,0.85824,0.91269,0.7678,0.64364,1.02637,0.3234,1.13335,0.0081586,0.0081586,0.0081586
374,7023.05,0.71866,1.15444,0.47673,1.17356,0.93032,0.86973,0.92614,0.80286,0.91417,0.85824,0.9082,0.76731,0.64652,1.02087,0.32293,1.13163,0.00815365,0.00815365,0.00815365
375,7041.27,0.72133,1.17753,0.47911,1.17919,0.92107,0.8659,0.93096,0.80478,0.90884,0.85441,0.91522,0.76743,0.64804,1.02267,0.32295,1.13498,0.0081487,0.0081487,0.0081487
376,7059.71,0.73372,1.15941,0.47436,1.1814,0.91899,0.86932,0.93011,0.80457,0.90727,0.86217,0.91449,0.76898,0.64825,1.01714,0.32185,1.13522,0.00814375,0.00814375,0.00814375
377,7077.77,0.72073,1.15442,0.47975,1.18297,0.92327,0.87598,0.9303,0.80504,0.90782,0.8679,0.91455,0.77067,0.6472,1.01797,0.32528,1.13292,0.0081388,0.0081388,0.0081388
378,7096.12,0.72833,1.15474,0.4809,1.18615,0.91956,0.87594,0.92994,0.80467,0.90757,0.86523,0.91373,0.76919,0.64896,1.02253,0.32302,1.13346,0.00813385,0.00813385,0.00813385
379,7114.54,0.72805,1.15151,0.48167,1.1762,0.90229,0.8845,0.92447,0.79954,0.88887,0.87739,0.90825,0.76367,0.6479,1.02602,0.32072,1.1332,0.0081289,0.0081289,0.0081289
380,7132.86,0.74278,1.2001,0.49094,1.19307,0.90975,0.87739,0.92542,0.80237,0.88832,0.87739,0.90923,0.76299,0.64885,1.03188,0.32115,1.13514,0.00812395,0.00812395,0.00812395
381,7151.09,0.72768,1.16654,0.49044,1.18365,0.89823,0.87739,0.92512,0.80235,0.8875,0.87651,0.90847,0.76286,0.64785,1.03448,0.31934,1.13463,0.008119,0.008119,0.008119
382,7169.33,0.72099,1.13256,0.47874,1.18758,0.8998,0.87739,0.92315,0.80052,0.88407,0.87739,0.90639,0.76005,0.64578,1.03457,0.31926,1.13284,0.00811405,0.00811405,0.00811405
383,7187.71,0.72018,1.18979,0.47807,1.19215,0.90552,0.88135,0.9274,0.80344,0.8978,0.87516,0.90889,0.76402,0.64357,1.03954,0.3171,1.13264,0.0081091,0.0081091,0.0081091
384,7205.9,0.74856,1.17396,0.50026,1.19508,0.90539,0.87997,0.92355,0.80062,0.89222,0.87356,0.90571,0.76311,0.64228,1.04366,0.31681,1.13059,0.00810415,0.00810415,0.00810415
385,7224.08,0.73195,1.17474,0.47256,1.18013,0.91994,0.88047,0.92498,0.80077,0.90062,0.87356,0.90736,0.76494,0.64271,1.05062,0.31718,1.12938,0.0080992,0.0080992,0.0080992
386,7242.21,0.72801,1.15472,0.4789,1.18107,0.91235,0.87735,0.92462,0.7997,0.89727,0.87356,0.90647,0.76057,0.64106,1.05375,0.31841,1.12793,0.00809425,0.00809425,0.00809425
387,7260.18,0.73047,1.13394,0.48511,1.18006,0.90657,0.87739,0.92335,0.80041,0.89183,0.8659,0.90033,0.75653,0.64068,1.0559,0.31838,1.12776,0.0080893,0.0080893,0.0080893
388,7278.56,0.7308,1.162,0.48441,1.17132,0.91548,0.86207,0.92201,0.79918,0.88452,0.85102,0.89576,0.75457,0.64011,1.0547,0.31773,1.12734,0.00808435,0.00808435,0.00808435
389,7296.81,0.73072,1.18855,0.47812,1.18543,0.8992,0.8659,0.91945,0.7977,0.88131,0.85441,0.89858,0.75324,0.64233,1.05561,0.32335,1.12816,0.0080794,0.0080794,0.0080794
390,7314.94,0.72367,1.21197,0.48325,1.17811,0.91088,0.86151,0.92323,0.80141,0.88671,0.85441,0.90258,0.7581,0.63988,1.05964,0.32648,1.12761,0.00807445,0.00807445,0.00807445
391,7333.09,0.73162,1.18879,0.4839,1.18443,0.90747,0.86425,0.9206,0.79772,0.89838,0.86207,0.9033,0.75664,0.63828,1.06267,0.324,1.12579,0.0080695,0.0080695,0.0080695
392,7352.88,0.72967,1.17576,0.47559,1.17879,0.90492,0.86973,0.9216,0.79772,0.89676,0.8653,0.90398,0.75815,0.63652,1.05903,0.32173,1.12324,0.00806455,0.00806455,0.00806455
393,7373.51,0.72956,1.17423,0.46866,1.1801,0.90833,0.87322,0.92245,0.80143,0.87902,0.86207,0.89878,0.7578,0.63289,1.05193,0.31907,1.12077,0.0080596,0.0080596,0.0080596
394,7391.59,0.72665,1.14632,0.4721,1.1784,0.91526,0.86904,0.92159,0.79982,0.88002,0.86207,0.89869,0.75805,0.63413,1.04648,0.31773,1.1208,0.00805465,0.00805465,0.00805465
395,7409.85,0.73052,1.19354,0.48218,1.18379,0.89774,0.87455,0.92563,0.80294,0.88094,0.86207,0.8995,0.75883,0.63656,1.04755,0.31745,1.12425,0.0080497,0.0080497,0.0080497
396,7428.08,0.72138,1.14729,0.47257,1.17415,0.91517,0.87739,0.92722,0.80352,0.88935,0.86207,0.90151,0.75972,0.63751,1.04478,0.31885,1.12572,0.00804475,0.00804475,0.00804475
397,7446.23,0.73293,1.16458,0.48076,1.18225,0.90144,0.87606,0.92591,0.80243,0.87568,0.86362,0.9,0.75688,0.63775,1.04591,0.32186,1.12443,0.0080398,0.0080398,0.0080398
398,7464.54,0.72222,1.14005,0.47331,1.17724,0.89497,0.87356,0.9215,0.79845,0.87096,0.86207,0.89521,0.75312,0.6371,1.04495,0.32127,1.12417,0.00803485,0.00803485,0.00803485
399,7482.77,0.72125,1.12312,0.46553,1.17581,0.89437,0.87594,0.92178,0.79748,0.86928,0.86207,0.89511,0.7567,0.63611,1.04119,0.32205,1.12401,0.0080299,0.0080299,0.0080299
400,7501.24,0.73744,1.22388,0.49267,1.18833,0.90744,0.86392,0.92591,0.80206,0.88004,0.85824,0.8989,0.76013,0.63689,1.03862,0.32066,1.12376,0.00802495,0.00802495,0.00802495
401,7519.47,0.72363,1.14962,0.47757,1.18032,0.91506,0.86681,0.92419,0.79926,0.88034,0.8659,0.89825,0.75856,0.63727,1.03587,0.3213,1.12386,0.00802,0.00802,0.00802
402,7537.6,0.72143,1.1607,0.47193,1.18623,0.90409,0.86677,0.92358,0.79773,0.88081,0.85824,0.89914,0.75936,0.64087,1.04161,0.3225,1.1283,0.00801505,0.00801505,0.00801505
403,7555.75,0.71868,1.15313,0.4748,1.18192,0.90395,0.86535,0.92297,0.79721,0.88287,0.86641,0.89752,0.76141,0.64475,1.04545,0.31981,1.13142,0.0080101,0.0080101,0.0080101
404,7573.94,0.70813,1.18476,0.47587,1.16443,0.90788,0.86849,0.9223,0.79649,0.86655,0.86973,0.897,0.75941,0.6467,1.04686,0.31608,1.13436,0.00800515,0.00800515,0.00800515
405,7592.25,0.7217,1.15585,0.4702,1.18085,0.91544,0.87109,0.92694,0.7996,0.87676,0.87224,0.90136,0.7645,0.64786,1.04964,0.31544,1.13643,0.0080002,0.0080002,0.0080002
406,7610.26,0.72007,1.11595,0.46749,1.17663,0.92336,0.87706,0.92861,0.80064,0.88967,0.86507,0.90327,0.76476,0.64715,1.04964,0.31555,1.13511,0.00799525,0.00799525,0.00799525
407,7628.32,0.71779,1.12651,0.4665,1.17494,0.93063,0.87377,0.92877,0.79945,0.90853,0.85824,0.90325,0.76432,0.6471,1.05312,0.31796,1.13657,0.0079903,0.0079903,0.0079903
408,7646.44,0.72305,1.13932,0.47164,1.17417,0.92655,0.86994,0.92907,0.80143,0.89402,0.85824,0.90277,0.76204,0.64838,1.06048,0.31813,1.14028,0.00798535,0.00798535,0.00798535
409,7664.72,0.73551,1.19423,0.48196,1.18498,0.92114,0.88123,0.93013,0.80185,0.88398,0.86207,0.90481,0.76538,0.64805,1.05961,0.31826,1.14101,0.0079804,0.0079804,0.0079804
410,7682.8,0.7147,1.14272,0.47221,1.17351,0.92657,0.87027,0.92944,0.79928,0.90327,0.86207,0.90569,0.7648,0.64916,1.05729,0.31886,1.14141,0.00797545,0.00797545,0.00797545
411,7701.08,0.72801,1.15694,0.476,1.17862,0.9342,0.87032,0.92982,0.80131,0.90307,0.8659,0.906,0.76493,0.64732,1.05236,0.31767,1.14002,0.0079705,0.0079705,0.0079705
412,7719.33,0.72554,1.14212,0.47686,1.18705,0.93516,0.87356,0.9298,0.79937,0.89709,0.86836,0.90513,0.76685,0.64664,1.04732,0.31873,1.1397,0.00796555,0.00796555,0.00796555
413,7737.58,0.73102,1.13733,0.48082,1.18951,0.93591,0.88123,0.93084,0.8027,0.89963,0.8659,0.90443,0.76655,0.64621,1.04777,0.31989,1.14068,0.0079606,0.0079606,0.0079606
414,7755.83,0.72315,1.1393,0.46665,1.16999,0.92666,0.88123,0.92565,0.79839,0.89036,0.86973,0.8987,0.76102,0.64672,1.04889,0.32037,1.14043,0.00795565,0.00795565,0.00795565
415,7773.91,0.70932,1.12077,0.46995,1.16494,0.91737,0.88123,0.92352,0.79568,0.87987,0.88506,0.90049,0.75987,0.64662,1.04835,0.31752,1.14156,0.0079507,0.0079507,0.0079507
416,7792.08,0.72071,1.15727,0.47612,1.17549,0.92235,0.87356,0.92212,0.79464,0.88931,0.85824,0.89382,0.75575,0.64579,1.05054,0.31845,1.14315,0.00794575,0.00794575,0.00794575
417,7810.12,0.71931,1.16903,0.47566,1.166,0.92207,0.87356,0.92467,0.79599,0.89675,0.86207,0.90058,0.75849,0.64269,1.04918,0.32097,1.13986,0.0079408,0.0079408,0.0079408
418,7828.19,0.71903,1.1715,0.47012,1.1749,0.90641,0.89055,0.92511,0.79762,0.88275,0.88506,0.90152,0.75843,0.64662,1.04988,0.3186,1.14591,0.00793585,0.00793585,0.00793585
419,7846.27,0.7206,1.14949,0.46562,1.17618,0.90203,0.88188,0.92532,0.79644,0.88094,0.86973,0.90131,0.75926,0.64645,1.04772,0.31936,1.1461,0.0079309,0.0079309,0.0079309
420,7864.51,0.72678,1.13956,0.46765,1.1815,0.90637,0.89019,0.9307,0.80156,0.88679,0.87356,0.90699,0.76304,0.64629,1.04718,0.31888,1.14745,0.00792595,0.00792595,0.00792595
421,7882.82,0.72676,1.15289,0.47041,1.18235,0.90992,0.89012,0.9309,0.79945,0.89079,0.87502,0.9071,0.76335,0.64568,1.04717,0.31723,1.14908,0.007921,0.007921,0.007921
422,7901.18,0.72168,1.15762,0.46604,1.17036,0.91002,0.89123,0.93034,0.80187,0.88518,0.87739,0.90689,0.76432,0.64582,1.0494,0.31675,1.14997,0.00791605,0.00791605,0.00791605
423,7919.26,0.70695,1.14373,0.46634,1.16672,0.91305,0.88518,0.93029,0.80148,0.89341,0.87356,0.9069,0.76257,0.64474,1.05162,0.31446,1.15019,0.0079111,0.0079111,0.0079111
424,7937.56,0.72651,1.14699,0.47147,1.17701,0.91543,0.88506,0.92973,0.80081,0.88717,0.87364,0.90296,0.76253,0.64257,1.05471,0.31358,1.15104,0.00790615,0.00790615,0.00790615
425,7955.85,0.71372,1.12952,0.46564,1.17079,0.91091,0.88889,0.92954,0.8011,0.88195,0.87356,0.9033,0.76272,0.6423,1.05676,0.31313,1.15187,0.0079012,0.0079012,0.0079012
426,7973.98,0.72709,1.13993,0.4809,1.17938,0.93149,0.87739,0.93027,0.80126,0.89294,0.86278,0.90319,0.7622,0.64365,1.06095,0.31329,1.15298,0.00789625,0.00789625,0.00789625
427,7992.12,0.72453,1.13392,0.46961,1.17921,0.91236,0.87752,0.93003,0.80193,0.88919,0.86084,0.90316,0.7631,0.64294,1.06301,0.31359,1.15332,0.0078913,0.0078913,0.0078913
428,8010.03,0.70868,1.1258,0.46816,1.16163,0.92353,0.8792,0.93059,0.80178,0.89994,0.86153,0.89976,0.76226,0.64676,1.06698,0.31673,1.15707,0.00788635,0.00788635,0.00788635
429,8028.38,0.72142,1.17929,0.48939,1.17476,0.91703,0.87739,0.93007,0.80098,0.89274,0.861,0.89931,0.76273,0.64681,1.07143,0.31525,1.15759,0.0078814,0.0078814,0.0078814
430,8046.57,0.72976,1.15521,0.47103,1.1792,0.92962,0.88123,0.93135,0.80189,0.90357,0.86161,0.90039,0.76404,0.64651,1.07481,0.31177,1.1578,0.00787645,0.00787645,0.00787645
431,8064.63,0.71398,1.12955,0.46164,1.15944,0.93863,0.87897,0.93253,0.80074,0.9127,0.85824,0.90114,0.76421,0.64679,1.08103,0.31067,1.15766,0.0078715,0.0078715,0.0078715
432,8082.83,0.7159,1.15843,0.46204,1.15702,0.93117,0.88111,0.93131,0.80111,0.90466,0.86207,0.89973,0.7623,0.64642,1.08386,0.31032,1.15668,0.00786655,0.00786655,0.00786655
433,8101.1,0.7195,1.13871,0.46841,1.16379,0.92343,0.87797,0.93047,0.80071,0.9002,0.864,0.89879,0.76225,0.64712,1.086,0.31227,1.15596,0.0078616,0.0078616,0.0078616
434,8119.31,0.70713,1.16126,0.4667,1.1645,0.91286,0.88297,0.92952,0.79886,0.88861,0.8659,0.89737,0.7611,0.64807,1.09168,0.31271,1.15584,0.00785665,0.00785665,0.00785665
435,8137.66,0.72338,1.14552,0.47656,1.17697,0.91484,0.87739,0.93091,0.80185,0.88147,0.85481,0.89823,0.76045,0.64712,1.09159,0.31236,1.15558,0.0078517,0.0078517,0.0078517
436,8155.79,0.70643,1.16057,0.46699,1.16253,0.90662,0.87739,0.93079,0.80129,0.88287,0.85441,0.89802,0.75981,0.64724,1.08974,0.31143,1.15301,0.00784675,0.00784675,0.00784675
437,8174.06,0.72758,1.14911,0.49255,1.17501,0.89913,0.87739,0.93084,0.80406,0.87456,0.8548,0.90314,0.76077,0.64759,1.09263,0.31047,1.15286,0.0078418,0.0078418,0.0078418
438,8192.23,0.72467,1.15588,0.4761,1.17221,0.90111,0.87739,0.93049,0.8018,0.87467,0.85441,0.89829,0.76032,0.64895,1.09378,0.31052,1.15405,0.00783685,0.00783685,0.00783685
439,8210.43,0.72626,1.15254,0.47538,1.17022,0.9131,0.87739,0.93068,0.80214,0.87835,0.85758,0.89792,0.75919,0.64626,1.09441,0.30834,1.15369,0.0078319,0.0078319,0.0078319
440,8228.8,0.7245,1.15594,0.47866,1.16195,0.91082,0.87739,0.93055,0.80136,0.88615,0.85441,0.89797,0.75879,0.64675,1.09681,0.30732,1.15363,0.00782695,0.00782695,0.00782695
441,8246.99,0.71477,1.14355,0.47599,1.16754,0.91742,0.87739,0.93135,0.80185,0.88186,0.85803,0.8991,0.76059,0.6467,1.10042,0.30738,1.15343,0.007822,0.007822,0.007822
442,8265.07,0.69833,1.1152,0.45959,1.15379,0.91993,0.88042,0.93274,0.80292,0.88965,0.86493,0.90081,0.76052,0.64631,1.10313,0.30675,1.15326,0.00781705,0.00781705,0.00781705
443,8283.2,0.70792,1.1206,0.45613,1.15725,0.92762,0.87739,0.93293,0.8042,0.89216,0.85585,0.90059,0.7599,0.64582,1.10563,0.30836,1.152,0.0078121,0.0078121,0.0078121
444,8301.3,0.72297,1.1286,0.45847,1.17427,0.93401,0.87739,0.93271,0.80434,0.88539,0.85834,0.90072,0.75959,0.64625,1.10489,0.30739,1.15274,0.00780715,0.00780715,0.00780715
445,8319.65,0.72052,1.14101,0.4748,1.17265,0.93559,0.88123,0.93399,0.80332,0.89584,0.85824,0.90602,0.76133,0.64593,1.10365,0.30698,1.15207,0.0078022,0.0078022,0.0078022
446,8337.91,0.71866,1.13032,0.46892,1.16458,0.92165,0.88123,0.93332,0.80323,0.89362,0.8659,0.90556,0.75938,0.6472,1.10538,0.30579,1.15248,0.00779725,0.00779725,0.00779725
447,8356.03,0.72288,1.13429,0.47115,1.17331,0.92821,0.88123,0.93404,0.80403,0.90421,0.86798,0.9055,0.7601,0.64608,1.10791,0.30727,1.15112,0.0077923,0.0077923,0.0077923
448,8374.3,0.71261,1.11622,0.4583,1.1739,0.91418,0.88123,0.92825,0.79945,0.88552,0.85945,0.89998,0.7555,0.64461,1.10757,0.30803,1.14904,0.00778735,0.00778735,0.00778735
449,8392.61,0.70687,1.10187,0.45538,1.15615,0.91592,0.88123,0.93108,0.80167,0.89203,0.85824,0.89937,0.75677,0.64605,1.10961,0.30693,1.14945,0.0077824,0.0077824,0.0077824
450,8410.9,0.71627,1.12787,0.468,1.16188,0.91418,0.88123,0.93217,0.80216,0.89033,0.85824,0.90088,0.75774,0.64858,1.11103,0.30706,1.1508,0.00777745,0.00777745,0.00777745
451,8429.02,0.71726,1.16819,0.47283,1.16333,0.91518,0.88123,0.93173,0.80246,0.88538,0.85828,0.90092,0.75705,0.6504,1.11125,0.30767,1.15116,0.0077725,0.0077725,0.0077725
452,8447.08,0.70917,1.12467,0.46995,1.16554,0.92094,0.88123,0.93246,0.80213,0.88413,0.86207,0.90164,0.75678,0.6502,1.11021,0.30773,1.15144,0.00776755,0.00776755,0.00776755
453,8465.02,0.73641,1.126,0.47975,1.182,0.91436,0.88123,0.93196,0.80161,0.87793,0.86973,0.9004,0.75701,0.65091,1.10977,0.30828,1.15076,0.0077626,0.0077626,0.0077626
454,8483.29,0.70712,1.10657,0.46393,1.16136,0.92912,0.88506,0.93288,0.80277,0.88912,0.85824,0.89784,0.75545,0.65181,1.11178,0.3099,1.15074,0.00775765,0.00775765,0.00775765
455,8501.49,0.72167,1.12118,0.46906,1.17313,0.92726,0.87739,0.93289,0.80448,0.89383,0.85824,0.89739,0.75681,0.65179,1.1112,0.31153,1.15051,0.0077527,0.0077527,0.0077527
456,8519.66,0.71225,1.14048,0.46534,1.16646,0.93071,0.88506,0.93389,0.8026,0.89963,0.85852,0.898,0.75634,0.6509,1.1149,0.31172,1.15146,0.00774775,0.00774775,0.00774775
457,8537.7,0.71698,1.14524,0.46291,1.16191,0.92255,0.88506,0.93237,0.80171,0.89355,0.85824,0.89701,0.7553,0.65106,1.11471,0.31086,1.15156,0.0077428,0.0077428,0.0077428
458,8555.95,0.71704,1.15436,0.46573,1.16502,0.9165,0.88889,0.93328,0.80216,0.88564,0.8659,0.89821,0.75551,0.64936,1.11593,0.31218,1.15077,0.00773785,0.00773785,0.00773785
459,8573.98,0.71912,1.13504,0.46517,1.17098,0.92129,0.88889,0.93459,0.80437,0.89087,0.86973,0.90326,0.75849,0.64675,1.11342,0.31345,1.14811,0.0077329,0.0077329,0.0077329
460,8592.16,0.70547,1.10832,0.45955,1.15901,0.93117,0.88117,0.93265,0.80269,0.9043,0.86207,0.90226,0.75755,0.64592,1.11206,0.31345,1.14624,0.00772795,0.00772795,0.00772795
461,8610.31,0.71407,1.13694,0.456,1.15825,0.91902,0.88506,0.92922,0.79942,0.89382,0.86207,0.89888,0.75553,0.64654,1.11458,0.31148,1.14573,0.007723,0.007723,0.007723
462,8628.35,0.71823,1.16852,0.46953,1.16151,0.92406,0.88586,0.92968,0.80054,0.90017,0.86369,0.89957,0.75615,0.64594,1.11235,0.31127,1.14478,0.00771805,0.00771805,0.00771805
463,8646.39,0.71581,1.13971,0.45801,1.16543,0.92733,0.88506,0.92951,0.80148,0.90219,0.86207,0.89942,0.75734,0.64424,1.10908,0.31258,1.14295,0.0077131,0.0077131,0.0077131
464,8664.34,0.69424,1.1086,0.45807,1.15123,0.93777,0.88506,0.92994,0.80212,0.90936,0.86207,0.89966,0.75717,0.6441,1.1094,0.31122,1.14361,0.00770815,0.00770815,0.00770815
465,8682.68,0.70362,1.1401,0.45597,1.16046,0.9305,0.88506,0.93032,0.80132,0.90534,0.86207,0.90067,0.75761,0.64428,1.11055,0.31073,1.14387,0.0077032,0.0077032,0.0077032
466,8700.86,0.70042,1.08803,0.45023,1.15379,0.92306,0.88506,0.92928,0.79997,0.8986,0.86207,0.89968,0.75818,0.64593,1.11151,0.30858,1.14539,0.00769825,0.00769825,0.00769825
467,8719.2,0.70902,1.15652,0.46689,1.16312,0.9353,0.88123,0.92949,0.80061,0.90708,0.8603,0.89979,0.75778,0.64572,1.1132,0.30761,1.1464,0.0076933,0.0076933,0.0076933
468,8737.38,0.70379,1.09761,0.4569,1.15954,0.92234,0.88506,0.93016,0.80347,0.89551,0.8659,0.90508,0.75803,0.64619,1.11375,0.30664,1.14839,0.00768835,0.00768835,0.00768835
469,8755.78,0.71397,1.11977,0.46528,1.16964,0.93446,0.87406,0.92946,0.80254,0.89594,0.86207,0.90412,0.75853,0.64604,1.11472,0.30688,1.14838,0.0076834,0.0076834,0.0076834
470,8773.78,0.71994,1.14893,0.47603,1.17155,0.92278,0.88506,0.92912,0.80214,0.89211,0.86207,0.9034,0.75737,0.64542,1.11304,0.30634,1.14729,0.00767845,0.00767845,0.00767845
471,8792.09,0.72091,1.14449,0.46859,1.17158,0.92006,0.88506,0.92955,0.80264,0.89543,0.86207,0.90356,0.75881,0.64516,1.11214,0.30519,1.14715,0.0076735,0.0076735,0.0076735
